row_index,true_label,true_name,pred_label,TotalScore_B,TotalScore_M
0,0,benign,malicious,3.118698863872579,1.251586258745637
1,0,benign,benign,3.3856829706498432,7.85485514593434
2,1,malicious,benign,2.969672436554178,3.8154138485218763
3,1,malicious,benign,2.475734135026915,3.057137746357175
4,0,benign,benign,3.3856829706498432,7.85485514593434
5,1,malicious,benign,2.2755532059509544,2.387949299343373
6,1,malicious,malicious,5.515831754851635,4.321523288291623
7,1,malicious,malicious,3.302440262905131,1.251586258745637
8,1,malicious,benign,2.4697140515469735,2.7459191136068695
9,1,malicious,malicious,3.6592011364378876,1.251586258745637
10,1,malicious,malicious,3.302440262905131,1.251586258745637
11,0,benign,benign,2.205186659551708,5.1482982987270915
12,0,benign,benign,2.39349919699208,5.658730824721231
13,1,malicious,malicious,4.613268727448257,1.709136296043508
14,1,malicious,benign,2.738098907515913,2.9350642491881214
15,1,malicious,malicious,3.302440262905131,1.251586258745637
16,1,malicious,benign,2.3864847535404516,5.756239214553425
17,1,malicious,benign,2.4976763091600125,5.4096109562317345
18,1,malicious,malicious,3.6592011364378876,1.251586258745637
19,0,benign,benign,2.51817129878533,2.582010984082037
20,1,malicious,malicious,3.638467843593053,1.251586258745637
21,0,benign,benign,1.771702083736696,3.455022473604898
22,0,benign,benign,1.5436594411578486,4.293166978752182
23,1,malicious,malicious,3.566707447125645,1.251586258745637
24,1,malicious,malicious,3.302440262905131,1.251586258745637
25,0,benign,malicious,3.118698863872579,1.251586258745637
26,1,malicious,benign,3.090097162853258,4.07756450728281
27,1,malicious,malicious,3.302440262905131,1.251586258745637
28,1,malicious,malicious,3.4758410146307073,1.251586258745637
29,0,benign,benign,3.356880032374094,7.85485514593434
30,1,malicious,malicious,3.6592011364378876,1.251586258745637
31,1,malicious,malicious,3.302440262905131,1.251586258745637
32,1,malicious,benign,2.5955388055562167,5.577646591248706
33,1,malicious,malicious,3.302440262905131,1.251586258745637
34,1,malicious,malicious,3.6592011364378876,1.251586258745637
35,1,malicious,benign,2.1394624882666893,3.398754730113434
36,0,benign,benign,4.871505089662425,7.5190674566726265
37,1,malicious,malicious,3.302440262905131,1.251586258745637
38,1,malicious,benign,2.51817129878533,3.861702928761166
39,1,malicious,malicious,3.302440262905131,1.251586258745637
40,1,malicious,malicious,3.795002785470503,2.999715604039893
41,1,malicious,malicious,3.1906939796737372,1.251586258745637
42,0,benign,benign,1.4595875403331964,4.4786335301574365
43,1,malicious,malicious,3.6592011364378876,1.251586258745637
44,1,malicious,malicious,3.1906939796737372,1.251586258745637
45,0,benign,benign,3.3856829706498432,7.85485514593434
46,1,malicious,malicious,4.077955780380239,2.6878431452368647
47,1,malicious,malicious,3.302440262905131,1.251586258745637
48,1,malicious,benign,2.126047213946991,4.61433468610832
49,1,malicious,malicious,2.602339652086049,1.251586258745637
50,1,malicious,malicious,3.302440262905131,1.251586258745637
51,1,malicious,malicious,3.5972257806028924,1.251586258745637
52,0,benign,benign,2.39349919699208,3.2465853856724154
53,0,benign,benign,1.554266055174447,4.710758670826146
54,1,malicious,malicious,3.1906939796737372,1.251586258745637
55,1,malicious,malicious,3.6592011364378876,1.251586258745637
56,1,malicious,malicious,3.1906939796737372,1.251586258745637
57,1,malicious,benign,2.488421605369795,2.9549102169613635
58,0,benign,benign,2.932145513873172,4.305054616272724
59,0,benign,malicious,3.118698863872579,1.251586258745637
60,1,malicious,malicious,3.1906939796737372,1.251586258745637
61,1,malicious,benign,2.4106514780467263,5.7226892353862695
62,1,malicious,malicious,3.5689195265490827,1.251586258745637
63,0,benign,benign,2.39349919699208,2.6935422352134846
64,1,malicious,malicious,3.302440262905131,1.251586258745637
65,1,malicious,malicious,3.302440262905131,1.251586258745637
66,0,benign,benign,3.4450585036582124,3.800100557023691
67,0,benign,malicious,4.800601659304299,2.0678680227882276
68,1,malicious,benign,2.873357803036491,5.388365754790847
69,0,benign,benign,1.7064172483446696,5.8140471554588125
70,0,benign,benign,3.3856829706498432,7.85485514593434
71,0,benign,malicious,4.776503498705479,2.312695026081932
72,1,malicious,benign,3.4874526291323273,5.269248086813562
73,1,malicious,malicious,3.302440262905131,1.251586258745637
74,1,malicious,malicious,3.1906939796737372,1.251586258745637
75,1,malicious,malicious,3.302440262905131,1.251586258745637
76,0,benign,benign,1.5693248177221095,6.413451007069425
77,0,benign,benign,2.398067475693436,2.8396453464164555
78,1,malicious,malicious,3.302440262905131,1.251586258745637
79,1,malicious,malicious,3.118698863872579,1.251586258745637
80,1,malicious,malicious,3.302440262905131,1.251586258745637
81,1,malicious,malicious,3.6592011364378876,1.251586258745637
82,0,benign,benign,1.490325464946009,4.296272386231605
83,1,malicious,benign,2.596106786496982,3.6809576422249464
84,1,malicious,malicious,3.302440262905131,1.251586258745637
85,1,malicious,malicious,3.1225744474632533,3.066606862966381
86,0,benign,benign,3.3856829706498432,7.4122805142314245
87,1,malicious,benign,3.879110425687752,8.39601040716811
88,1,malicious,malicious,3.143787670153371,1.251586258745637
89,1,malicious,benign,1.12470856721862,7.05242402662424
90,1,malicious,malicious,3.302440262905131,1.251586258745637
91,1,malicious,malicious,3.6592011364378876,1.251586258745637
92,1,malicious,malicious,3.6592011364378876,1.251586258745637
93,1,malicious,benign,2.51817129878533,3.142481200321792
94,0,benign,benign,1.7082034503982142,4.9409479699909085
95,1,malicious,benign,2.4461644182143116,4.835432620328809
96,0,benign,benign,3.622674568470255,7.510203008663185
97,1,malicious,malicious,3.1906939796737372,1.251586258745637
98,1,malicious,malicious,3.118698863872579,1.251586258745637
99,1,malicious,benign,2.081737311168749,4.830032747402581
100,1,malicious,malicious,3.1906939796737372,1.251586258745637
101,0,benign,benign,3.3856829706498432,7.85485514593434
102,0,benign,benign,3.3856829706498432,7.4122805142314245
103,1,malicious,malicious,3.143787670153371,1.251586258745637
104,1,malicious,malicious,3.302440262905131,1.251586258745637
105,1,malicious,malicious,4.668290856131851,3.2812720965626467
106,1,malicious,malicious,3.6592011364378876,1.251586258745637
107,1,malicious,malicious,3.6592011364378876,1.251586258745637
108,1,malicious,benign,2.6217960664727245,3.449455515448229
109,0,benign,benign,1.5472412223082086,5.797991509614861
110,0,benign,benign,2.554735884579748,3.325973489299873
111,0,benign,benign,1.5020717272111566,5.189251050035132
112,1,malicious,malicious,3.302440262905131,1.251586258745637
113,1,malicious,malicious,3.1906939796737372,1.251586258745637
114,1,malicious,malicious,2.5205816702914934,1.251586258745637
115,0,benign,benign,3.3856829706498432,7.85485514593434
116,1,malicious,malicious,3.302440262905131,1.251586258745637
117,1,malicious,malicious,3.1906939796737372,1.251586258745637
118,1,malicious,malicious,3.302440262905131,1.251586258745637
119,1,malicious,malicious,3.302440262905131,1.251586258745637
120,1,malicious,malicious,3.302440262905131,1.251586258745637
121,1,malicious,malicious,3.1906939796737372,1.251586258745637
122,1,malicious,benign,2.807363585254798,3.1808168624651945
123,1,malicious,benign,2.488543753391805,2.9940938166592184
124,1,malicious,benign,3.1682210766578374,4.949333666723276
125,0,benign,benign,1.1029589347704762,5.915149259549354
126,0,benign,benign,2.398067475693436,3.3248761995153675
127,1,malicious,malicious,3.302440262905131,1.251586258745637
128,1,malicious,benign,1.914008298313648,7.625445909314347
129,0,benign,benign,1.5020717272111566,4.887760921003364
130,0,benign,malicious,3.3817070248792653,1.251586258745637
131,0,benign,benign,3.622759814061377,7.510203008663185
132,0,benign,benign,1.7064172483446696,4.0551102405396
133,0,benign,malicious,3.118698863872579,1.251586258745637
134,1,malicious,benign,2.6741643668203103,4.7610689034944365
135,0,benign,benign,2.554735884579748,3.0010567425282524
136,1,malicious,benign,2.948188131273618,7.974460071319515
137,1,malicious,benign,1.065318558563419,5.047330115166741
138,1,malicious,malicious,3.6294984325122215,1.251586258745637
139,0,benign,benign,1.469869532920463,3.171018178480035
140,0,benign,benign,1.5693248177221095,4.347730846279658
141,0,benign,benign,3.0798035391647174,5.6865961447495845
142,0,benign,benign,2.5411989440561964,3.0938470739744686
143,1,malicious,malicious,3.302440262905131,1.251586258745637
144,0,benign,benign,2.502367546173561,5.385453047462489
145,1,malicious,benign,3.8362244109277444,6.796802943466045
146,0,benign,benign,1.5107338361555074,4.81469587497387
147,1,malicious,malicious,2.4683840121910476,1.251586258745637
148,0,benign,benign,2.39349919699208,4.178701014075547
149,1,malicious,malicious,3.1906939796737372,1.251586258745637
150,0,benign,benign,1.5637304565702528,5.009646148318554
151,1,malicious,benign,2.181025883620916,3.57347722272044
152,1,malicious,benign,3.23259649577863,5.663594168072009
153,1,malicious,malicious,3.302440262905131,1.251586258745637
154,1,malicious,malicious,3.302440262905131,1.251586258745637
155,1,malicious,malicious,3.302440262905131,1.251586258745637
156,0,benign,benign,1.5457057299840533,5.120916561700357
157,1,malicious,benign,3.1103664802295317,4.393097640473453
158,0,benign,benign,2.573883295462542,3.1236359259442876
159,0,benign,benign,1.497285890467219,4.5554926263964415
160,1,malicious,benign,4.349657351243503,4.841480053842508
161,0,benign,benign,1.5020717272111566,5.0293285587471654
162,1,malicious,malicious,3.302440262905131,1.251586258745637
163,1,malicious,malicious,3.302440262905131,1.251586258745637
164,1,malicious,malicious,3.143787670153371,1.251586258745637
165,1,malicious,malicious,3.1906939796737372,1.251586258745637
166,1,malicious,malicious,3.1906939796737372,1.251586258745637
167,1,malicious,malicious,3.302440262905131,1.251586258745637
168,1,malicious,malicious,3.302440262905131,1.251586258745637
169,1,malicious,benign,3.3713290897538952,6.397077198202468
170,1,malicious,malicious,3.302440262905131,1.251586258745637
171,0,benign,benign,3.356880032374094,7.85485514593434
172,0,benign,benign,2.4697140515469735,2.9232353679253418
173,1,malicious,malicious,3.302440262905131,1.251586258745637
174,1,malicious,malicious,3.302440262905131,1.251586258745637
175,1,malicious,malicious,3.302440262905131,1.251586258745637
176,0,benign,benign,1.0266667766330166,4.802871683023417
177,0,benign,benign,3.6473930322965797,7.320937734504585
178,0,benign,benign,1.4814171191069923,4.319894158851691
179,1,malicious,benign,2.4893113346376468,4.303539643321276
180,1,malicious,malicious,3.421563832786573,2.4949653411867163
181,0,benign,benign,1.5457731515887716,3.982149704009041
182,1,malicious,malicious,3.302440262905131,1.251586258745637
183,0,benign,benign,1.5598844655248703,4.2375549998490545
184,1,malicious,benign,2.234697679326721,3.5052510380373167
185,1,malicious,malicious,3.302440262905131,1.251586258745637
186,1,malicious,benign,2.51817129878533,2.9900931449841117
187,0,benign,benign,1.4905070370104643,4.3559882029117665
188,0,benign,benign,2.4561547311530703,3.16110588904132
189,1,malicious,benign,2.6486289556479807,3.19597892759454
190,1,malicious,malicious,3.6592011364378876,1.251586258745637
191,0,benign,benign,1.5782758651224864,7.623595619298258
192,1,malicious,benign,2.9557698064937363,6.2035439762828615
193,0,benign,benign,1.1597341596290942,5.068215667639382
194,1,malicious,malicious,2.6533357575120244,2.572614470780369
195,0,benign,benign,0.9793976663674147,7.068399813391401
196,0,benign,benign,1.5434339513819235,4.6893480479441045
197,1,malicious,benign,2.4697140515469735,3.1910952527129104
198,1,malicious,malicious,3.302440262905131,1.251586258745637
199,1,malicious,benign,3.128858495009323,4.793237720105934
200,0,benign,malicious,4.800601659304299,2.312695026081932
201,1,malicious,benign,1.0971051138678494,4.936288176360314
202,0,benign,benign,1.544666485794253,5.68616827461916
203,1,malicious,malicious,3.302440262905131,1.251586258745637
204,0,benign,benign,3.0798035391647174,5.6865961447495845
205,1,malicious,malicious,3.1906939796737372,1.251586258745637
206,0,benign,benign,1.6184548509599452,5.86696666025686
207,1,malicious,benign,1.12470856721862,4.712333847563311
208,0,benign,benign,1.5330778202433915,5.189657354240847
209,0,benign,benign,3.6473930322965797,7.528206576247303
210,0,benign,benign,2.588045830157676,3.234905135721275
211,1,malicious,malicious,3.6592011364378876,1.251586258745637
212,0,benign,malicious,2.595305096155168,1.251586258745637
213,1,malicious,malicious,2.4327222408402416,1.251586258745637
214,0,benign,benign,3.5545342317491624,7.395303850045316
215,1,malicious,malicious,3.1906939796737372,1.251586258745637
216,1,malicious,malicious,3.1906939796737372,1.251586258745637
217,1,malicious,malicious,3.302440262905131,1.251586258745637
218,0,benign,benign,2.670871881011662,3.059387183003053
219,1,malicious,malicious,3.302440262905131,1.251586258745637
220,0,benign,benign,1.2938367705665776,4.83636086454222
221,1,malicious,benign,2.812633738151371,3.7487782864560675
222,1,malicious,malicious,3.302440262905131,1.251586258745637
223,1,malicious,benign,2.2933226186114952,4.14021727509496
224,1,malicious,malicious,3.118698863872579,1.251586258745637
225,0,benign,benign,1.5457731515887716,4.970824316485754
226,1,malicious,malicious,5.120496437429543,2.4122922940461415
227,1,malicious,malicious,3.302440262905131,1.251586258745637
228,1,malicious,benign,2.4234694448827185,5.119284925757904
229,1,malicious,benign,2.51817129878533,3.9768556086708866
230,1,malicious,benign,3.0722814997391765,6.110171857990881
231,1,malicious,malicious,3.302440262905131,1.251586258745637
232,0,benign,benign,1.2642610016504043,4.811346598082762
233,1,malicious,benign,2.51817129878533,4.9846764866539655
234,1,malicious,malicious,3.302440262905131,1.251586258745637
235,0,benign,benign,2.2699190585675755,3.072178506725626
236,0,benign,benign,1.1597341596290942,5.764461528991342
237,1,malicious,malicious,3.302440262905131,1.251586258745637
238,0,benign,benign,1.5020717272111566,6.633829999882285
239,0,benign,malicious,2.602339652086049,1.251586258745637
240,1,malicious,malicious,3.302440262905131,1.251586258745637
241,1,malicious,malicious,3.302440262905131,1.251586258745637
242,1,malicious,malicious,2.51817129878533,2.4807009363643844
243,1,malicious,malicious,3.302440262905131,1.251586258745637
244,1,malicious,malicious,3.6592011364378876,1.251586258745637
245,1,malicious,benign,2.51817129878533,2.9340322450171685
246,1,malicious,benign,2.6532704104566025,5.031056704191316
247,1,malicious,malicious,3.1906939796737372,1.251586258745637
248,1,malicious,benign,2.5244279867197594,3.0016494115129713
249,1,malicious,benign,2.7274945298149076,3.8378652464766163
250,1,malicious,benign,2.475734135026915,3.785637276811423
251,1,malicious,malicious,3.302440262905131,1.251586258745637
252,1,malicious,malicious,2.9159816803508356,2.745120361989005
253,1,malicious,benign,2.398067475693436,3.811488571553249
254,0,benign,benign,2.4818362322720446,3.399807301668477
255,0,benign,benign,3.648514726223281,7.510203008663185
256,0,benign,benign,2.2557242280949947,4.161751428843241
257,1,malicious,benign,2.2557242280949947,5.964612456800534
258,0,benign,benign,2.3257443650347263,2.6354408973976993
259,0,benign,benign,1.4774542755998477,5.01394222336033
260,1,malicious,malicious,2.9821960805527583,1.2524698426547842
261,0,benign,benign,2.435179993754339,3.0117388124898357
262,1,malicious,malicious,3.2799411110612073,1.2524698426547842
263,1,malicious,malicious,3.2799411110612073,1.2524698426547842
264,1,malicious,malicious,2.9821960805527583,1.2524698426547842
265,1,malicious,malicious,3.5698738771816165,1.2524698426547842
266,1,malicious,malicious,3.162241144924602,1.2524698426547842
267,0,benign,benign,2.1965623177756592,2.7307410696097905
268,1,malicious,benign,2.8519024900813905,5.5686711278054375
269,0,benign,benign,2.0905190414998827,4.151619626377043
270,1,malicious,benign,2.494071197053146,2.9514919656165146
271,1,malicious,malicious,3.2799411110612073,1.2524698426547842
272,1,malicious,malicious,3.2799411110612073,1.2524698426547842
273,0,benign,benign,2.387832833057787,3.683549139114068
274,1,malicious,benign,2.3469192304942252,2.9381486282943494
275,0,benign,benign,1.5595709761663978,4.166369288590999
276,0,benign,benign,1.2805760886441724,4.489809362690414
277,0,benign,benign,4.2092449814906905,8.583967564528722
278,1,malicious,malicious,2.424754407816369,1.2524698426547842
279,1,malicious,malicious,3.162241144924602,1.2524698426547842
280,1,malicious,malicious,3.2799411110612073,1.2524698426547842
281,1,malicious,malicious,3.2799411110612073,1.2524698426547842
282,0,benign,benign,3.7302799214291316,8.61957088164414
283,1,malicious,malicious,3.2799411110612073,1.2524698426547842
284,1,malicious,benign,2.126564951856803,6.859263939428462
285,0,benign,benign,1.4654626843606469,5.752516149596971
286,1,malicious,malicious,4.737138076991243,4.5683111943326775
287,1,malicious,malicious,3.162241144924602,1.2524698426547842
288,0,benign,benign,2.0958747113748935,3.8332467770762557
289,1,malicious,malicious,2.9821960805527583,1.2524698426547842
290,0,benign,benign,1.2929885432104504,8.0810177592172
291,1,malicious,malicious,2.9821960805527583,1.2524698426547842
292,0,benign,benign,2.435179993754339,2.792177053756139
293,1,malicious,benign,2.3257443650347263,2.7039700699361306
294,1,malicious,malicious,3.4923252338381654,2.779048489562294
295,0,benign,benign,2.340505465635945,2.9923208307132647
296,1,malicious,malicious,3.2799411110612073,1.2524698426547842
297,0,benign,benign,1.96167163925902,4.169521415775561
298,1,malicious,benign,2.608899627422608,4.107510115044389
299,0,benign,benign,3.818494159955224,8.61957088164414
300,1,malicious,malicious,3.2799411110612073,1.2524698426547842
301,1,malicious,malicious,2.442175574773533,1.2524698426547842
302,1,malicious,malicious,2.8230451843806876,2.593659316875554
303,1,malicious,benign,3.345254721388616,3.742939082159856
304,1,malicious,benign,4.030328093770501,5.266214297974485
305,1,malicious,malicious,3.2799411110612073,1.2524698426547842
306,0,benign,benign,1.4443017156398896,5.554157591804718
307,0,benign,benign,1.4875304504306048,4.231510954549636
308,0,benign,benign,3.7302799214291316,8.61957088164414
309,1,malicious,malicious,3.2799411110612073,1.2524698426547842
310,1,malicious,malicious,3.2799411110612073,1.2524698426547842
311,1,malicious,malicious,3.2799411110612073,1.2524698426547842
312,1,malicious,benign,2.3257443650347263,3.216929668013979
313,1,malicious,malicious,3.2799411110612073,1.2524698426547842
314,0,benign,benign,2.417037306054546,3.0838228229439952
315,0,benign,benign,0.912547225671957,5.440114448029252
316,1,malicious,malicious,3.2799411110612073,1.2524698426547842
317,1,malicious,malicious,3.2799411110612073,1.2524698426547842
318,1,malicious,malicious,3.2799411110612073,1.2524698426547842
319,1,malicious,malicious,3.2799411110612073,1.2524698426547842
320,1,malicious,benign,3.2317877068009127,3.4361957127144898
321,1,malicious,malicious,2.984525028847649,1.2524698426547842
322,0,benign,benign,1.5675413181091238,6.847214880216112
323,1,malicious,malicious,3.0207997956811536,1.2524698426547842
324,1,malicious,malicious,2.4047025106860653,1.2524698426547842
325,1,malicious,malicious,3.2799411110612073,1.2524698426547842
326,1,malicious,malicious,2.423435653159559,1.2524698426547842
327,0,benign,benign,1.9035402707044624,8.566942028731965
328,1,malicious,benign,3.0283522236574476,3.160249166422828
329,1,malicious,benign,2.576476854486241,2.9606612519878777
330,0,benign,benign,2.378755094728807,3.159725920050062
331,0,benign,benign,2.049132071382642,5.287774275769232
332,1,malicious,malicious,2.9821960805527583,1.2524698426547842
333,1,malicious,malicious,3.162241144924602,1.2524698426547842
334,1,malicious,malicious,3.2799411110612073,1.2524698426547842
335,1,malicious,benign,1.424534059943706,5.113201994503459
336,0,benign,benign,1.4654626843606469,5.464730948623446
337,1,malicious,malicious,2.984525028847649,1.2524698426547842
338,0,benign,benign,4.2092449814906905,8.60417471396855
339,0,benign,benign,1.394168571386152,3.3002743047748933
340,0,benign,benign,4.2092449814906905,8.583967564528722
341,0,benign,benign,3.818494159955224,8.61957088164414
342,1,malicious,benign,1.4679115916145724,4.366705999531295
343,0,benign,benign,1.909518337312507,3.262241588063447
344,1,malicious,malicious,3.2799411110612073,1.2524698426547842
345,1,malicious,malicious,3.162241144924602,1.2524698426547842
346,1,malicious,malicious,3.2799411110612073,1.2524698426547842
347,0,benign,benign,1.6011302752674,4.642993987416765
348,0,benign,benign,1.492831853295029,5.658491899601307
349,0,benign,benign,3.818494159955224,8.61957088164414
350,1,malicious,benign,3.468786803162192,5.873232490667306
351,0,benign,benign,2.9811458297898565,6.49306057433561
352,0,benign,benign,1.5597861952069931,7.282574233261446
353,1,malicious,malicious,3.075600469459542,1.2524698426547842
354,1,malicious,malicious,3.600010519974072,1.2524698426547842
355,1,malicious,benign,2.2814510645054087,3.9880650075358957
356,1,malicious,malicious,3.2799411110612073,1.2524698426547842
357,1,malicious,malicious,3.2799411110612073,1.2524698426547842
358,0,benign,benign,2.9811458297898565,6.49306057433561
359,1,malicious,benign,1.1775002740964546,4.98588398792978
360,0,benign,benign,1.502069737213146,6.09777966119318
361,0,benign,benign,1.6861755811934285,4.238235790195533
362,0,benign,benign,2.265004473590618,6.0129717716286635
363,1,malicious,malicious,3.2799411110612073,1.2524698426547842
364,1,malicious,malicious,3.2799411110612073,1.2524698426547842
365,1,malicious,malicious,2.9821960805527583,1.2524698426547842
366,1,malicious,benign,2.3469192304942252,2.677921297305119
367,1,malicious,benign,2.874124669482487,3.250529635099376
368,1,malicious,malicious,3.162241144924602,1.2524698426547842
369,1,malicious,benign,3.5223654162947957,4.157748096949421
370,1,malicious,malicious,3.2799411110612073,1.2524698426547842
371,1,malicious,benign,2.3922512122178903,4.635486820682919
372,1,malicious,malicious,2.9821960805527583,1.2524698426547842
373,1,malicious,benign,2.396745382430813,2.9243898327175866
374,0,benign,benign,1.4645313867709162,3.594079466983139
375,1,malicious,malicious,3.2799411110612073,1.2524698426547842
376,0,benign,benign,2.3970923845777126,3.1328296733465497
377,1,malicious,malicious,3.2799411110612073,1.2524698426547842
378,1,malicious,malicious,3.2799411110612073,1.2524698426547842
379,1,malicious,benign,2.3257443650347263,3.8932305851719953
380,1,malicious,benign,1.214755694560597,6.453240252512064
381,1,malicious,malicious,3.2799411110612073,1.2524698426547842
382,1,malicious,benign,2.4412194357438204,3.6582064121738114
383,0,benign,benign,1.502069737213146,5.574467206741334
384,1,malicious,malicious,3.2799411110612073,1.2524698426547842
385,1,malicious,malicious,2.984525028847649,1.2524698426547842
386,0,benign,benign,4.2092449814906905,8.583967564528722
387,1,malicious,benign,2.3257443650347263,3.8495818762443377
388,1,malicious,malicious,2.9821960805527583,1.2524698426547842
389,0,benign,benign,3.818494159955224,8.61957088164414
390,1,malicious,malicious,3.162241144924602,1.2524698426547842
391,1,malicious,malicious,3.2799411110612073,1.2524698426547842
392,1,malicious,malicious,3.162241144924602,1.2524698426547842
393,1,malicious,benign,2.1965623177756592,3.5609513918899163
394,0,benign,benign,2.791484204156333,5.7633219047799775
395,0,benign,benign,1.502069737213146,6.490802204479527
396,0,benign,benign,3.818494159955224,8.162884675882168
397,1,malicious,malicious,3.13127075903582,2.826550748074446
398,0,benign,benign,1.96167163925902,4.061734912867711
399,0,benign,benign,1.9711086358299659,5.0988428664410055
400,1,malicious,benign,3.1925896193361982,3.7082832486328394
401,1,malicious,malicious,3.162241144924602,1.2524698426547842
402,0,benign,benign,1.5150273752464416,7.3918581771065455
403,1,malicious,malicious,3.2799411110612073,1.2524698426547842
404,1,malicious,benign,3.1897053878108115,7.551400201042186
405,1,malicious,malicious,3.2799411110612073,1.2524698426547842
406,0,benign,benign,2.9833535662265898,6.49306057433561
407,0,benign,benign,3.818494159955224,8.61957088164414
408,0,benign,benign,2.9811458297898565,6.49306057433561
409,1,malicious,benign,2.340428876056523,3.6226230113262767
410,1,malicious,benign,1.060318511085066,5.808179635914031
411,1,malicious,malicious,2.4631995708298886,1.2524698426547842
412,1,malicious,benign,2.3257443650347263,2.7174878248881957
413,0,benign,benign,2.0862809368957205,5.483257532951642
414,1,malicious,malicious,3.2799411110612073,1.2524698426547842
415,1,malicious,malicious,2.9821960805527583,1.2524698426547842
416,0,benign,benign,1.5046646189370638,5.254628672633832
417,0,benign,benign,2.1965623177756592,2.9601369706778056
418,1,malicious,malicious,3.2799411110612073,1.2524698426547842
419,1,malicious,malicious,2.9821960805527583,1.2524698426547842
420,1,malicious,malicious,3.2799411110612073,1.2524698426547842
421,1,malicious,malicious,3.2799411110612073,1.2524698426547842
422,1,malicious,malicious,2.984525028847649,1.2524698426547842
423,1,malicious,malicious,2.9821960805527583,1.2524698426547842
424,1,malicious,malicious,2.984525028847649,1.2524698426547842
425,0,benign,malicious,2.402312291929733,1.2524698426547842
426,1,malicious,malicious,2.3257443650347263,2.29496274548513
427,1,malicious,benign,1.4076389502045277,4.200760783850141
428,0,benign,benign,1.5675413181091238,8.196289920755477
429,1,malicious,malicious,3.5698738771816165,1.2524698426547842
430,1,malicious,malicious,3.2799411110612073,1.2524698426547842
431,1,malicious,malicious,3.2799411110612073,1.2524698426547842
432,1,malicious,malicious,4.582372100976441,3.2315516811919265
433,1,malicious,malicious,2.9821960805527583,1.2524698426547842
434,0,benign,benign,1.2826156898883039,3.805518309117362
435,1,malicious,malicious,3.162241144924602,1.2524698426547842
436,0,benign,benign,1.4221512309959787,5.135370791773536
437,0,benign,malicious,2.442757811168913,1.2524698426547842
438,0,benign,benign,1.9992944193333944,3.434865914625308
439,0,benign,benign,1.1969790659175292,4.0829487097629835
440,0,benign,benign,1.461674393023175,5.68033568789826
441,1,malicious,malicious,3.2799411110612073,1.2524698426547842
442,1,malicious,malicious,3.2799411110612073,1.2524698426547842
443,0,benign,benign,2.446486102849363,5.196419208876581
444,0,benign,benign,2.0057391390387678,5.96953838777935
445,0,benign,benign,3.818494159955224,8.61957088164414
446,0,benign,benign,3.818494159955224,8.61957088164414
447,1,malicious,malicious,3.2799411110612073,1.2524698426547842
448,1,malicious,benign,2.27376535232003,4.009186005597015
449,0,benign,malicious,2.6066044848612426,1.2524698426547842
450,1,malicious,benign,3.0105464211448743,4.174988002137418
451,0,benign,benign,1.470507700860777,6.944303759910353
452,1,malicious,benign,4.1337905799203885,4.759624825202137
453,1,malicious,malicious,3.2799411110612073,1.2524698426547842
454,1,malicious,malicious,3.162241144924602,1.2524698426547842
455,1,malicious,benign,2.758158844500583,3.951677771576227
456,0,benign,benign,2.9811458297898565,6.49306057433561
457,1,malicious,malicious,3.2799411110612073,1.2524698426547842
458,1,malicious,malicious,3.0207997956811536,1.2524698426547842
459,1,malicious,malicious,3.075600469459542,1.2524698426547842
460,1,malicious,malicious,3.2799411110612073,1.2524698426547842
461,0,benign,benign,1.376141863717467,4.966312728247941
462,1,malicious,malicious,2.9821960805527583,1.2524698426547842
463,0,benign,benign,1.1312061139788856,4.8385683110418665
464,1,malicious,benign,3.6248483824528828,4.081605553974503
465,1,malicious,malicious,3.2799411110612073,1.2524698426547842
466,1,malicious,malicious,3.2799411110612073,1.2524698426547842
467,1,malicious,malicious,3.9795588256946384,3.30944856155171
468,1,malicious,malicious,3.6852574606912403,3.5622244125617986
469,1,malicious,malicious,3.2799411110612073,1.2524698426547842
470,1,malicious,malicious,3.2799411110612073,1.2524698426547842
471,1,malicious,malicious,3.244713314377623,1.2524698426547842
472,1,malicious,malicious,3.162241144924602,1.2524698426547842
473,1,malicious,malicious,3.162241144924602,1.2524698426547842
474,1,malicious,malicious,3.2799411110612073,1.2524698426547842
475,0,benign,benign,1.5046646189370638,4.5654142057777385
476,1,malicious,benign,2.576476854486241,3.8699657497533906
477,0,benign,benign,1.496247070989876,4.825014975984514
478,1,malicious,malicious,3.2799411110612073,1.2524698426547842
479,1,malicious,malicious,3.2799411110612073,1.2524698426547842
480,0,benign,malicious,4.583691813824242,2.471507853533367
481,0,benign,benign,1.4616900042143257,5.1727742433531425
482,1,malicious,malicious,3.162241144924602,1.2524698426547842
483,1,malicious,malicious,3.2799411110612073,1.2524698426547842
484,1,malicious,malicious,3.2799411110612073,1.2524698426547842
485,1,malicious,malicious,3.2799411110612073,1.2524698426547842
486,1,malicious,benign,2.684288571979282,2.77582777343278
487,1,malicious,malicious,3.0207997956811536,1.2524698426547842
488,0,benign,benign,2.3922512122178903,3.538652049240331
489,1,malicious,benign,2.046967992757068,5.401568200899305
490,0,benign,benign,1.5150273752464416,5.156273031229718
491,0,benign,benign,1.7709088196620608,5.655001037356008
492,0,benign,benign,1.5150273752464416,5.293995088428701
493,1,malicious,malicious,3.2799411110612073,1.2524698426547842
494,1,malicious,malicious,3.2799411110612073,1.2524698426547842
495,1,malicious,malicious,9.283677023026888,2.4456427536410072
496,1,malicious,malicious,3.2799411110612073,1.2524698426547842
497,1,malicious,benign,2.6316906139901257,4.575592195986478
498,1,malicious,benign,1.0321091522200847,4.945771153776706
499,1,malicious,malicious,3.2199961591642983,1.2524698426547842
500,1,malicious,benign,2.1965623177756592,3.7428656631283994
501,1,malicious,malicious,3.2799411110612073,1.2524698426547842
502,1,malicious,malicious,2.9821960805527583,1.2524698426547842
503,0,benign,benign,1.5675413181091238,5.971011993488723
504,1,malicious,malicious,2.9964827690532863,1.2524698426547842
505,1,malicious,benign,2.804175435968908,3.2663064942898066
506,1,malicious,benign,2.5802922762930383,2.709054531576865
507,0,benign,benign,2.4829206317401096,4.607942633099903
508,1,malicious,malicious,3.2799411110612073,1.2524698426547842
509,1,malicious,benign,2.2598070786642053,3.401619678876155
510,1,malicious,malicious,3.2799411110612073,1.2524698426547842
511,0,benign,benign,3.818494159955224,8.61957088164414
512,1,malicious,benign,3.303511931446165,4.963458938520812
513,0,benign,benign,2.7029524190805163,4.852051103023277
514,1,malicious,malicious,3.2388700926253264,1.2386626615983067
515,1,malicious,malicious,3.298869445987947,1.2386626615983067
516,0,benign,benign,1.5391322188405292,5.951724316228285
517,1,malicious,benign,3.08249909714831,6.019365079125483
518,0,benign,benign,3.241372827748855,8.690237296573457
519,1,malicious,benign,2.621706026697055,5.161128915765859
520,1,malicious,benign,2.837075916193564,4.693037144966008
521,0,benign,benign,1.6689143046527952,3.8677846924619197
522,1,malicious,benign,2.4575569545346463,3.304082050555542
523,0,benign,benign,2.445859231682192,3.378356620317732
524,0,benign,benign,2.424159575145621,4.960347165576856
525,1,malicious,benign,2.603342621815849,3.4929488239668283
526,1,malicious,malicious,4.21826507780111,1.2386626615983067
527,0,benign,malicious,2.6622656659860144,1.2386626615983067
528,1,malicious,benign,2.603342621815849,3.197543291993702
529,1,malicious,malicious,3.1629155977999677,2.989477889143206
530,1,malicious,malicious,3.298869445987947,1.2386626615983067
531,1,malicious,malicious,3.298869445987947,1.2386626615983067
532,1,malicious,malicious,3.298869445987947,1.2386626615983067
533,0,benign,benign,1.5061674014102493,5.43826488662511
534,1,malicious,malicious,3.298869445987947,1.2386626615983067
535,0,benign,benign,1.6689143046527952,6.805394452880409
536,1,malicious,benign,1.2904813580840957,6.007227036128526
537,0,benign,benign,1.3532732779169911,5.378963787048722
538,1,malicious,benign,3.6626777064591645,6.2435536453320495
539,0,benign,malicious,2.593617503893557,1.2386626615983067
540,1,malicious,benign,1.2888493881326575,4.4173696337683
541,1,malicious,malicious,3.298869445987947,1.2386626615983067
542,1,malicious,malicious,4.21826507780111,1.2386626615983067
543,1,malicious,benign,2.6142175351083337,3.8029058655926087
544,1,malicious,benign,2.603342621815849,3.4889966123430174
545,1,malicious,malicious,3.298869445987947,1.2386626615983067
546,1,malicious,malicious,4.21826507780111,1.2386626615983067
547,0,benign,benign,2.8640408260369625,8.752086961441826
548,0,benign,malicious,3.268427521743459,1.2386626615983067
549,1,malicious,malicious,4.270358479555481,1.2386626615983067
550,1,malicious,malicious,3.298869445987947,1.2386626615983067
551,1,malicious,malicious,3.298869445987947,1.2386626615983067
552,0,benign,benign,1.5061674014102493,6.834548410424562
553,1,malicious,malicious,4.21826507780111,1.2386626615983067
554,1,malicious,malicious,4.21826507780111,1.2386626615983067
555,0,benign,benign,2.460167983477114,6.207064151237003
556,1,malicious,malicious,3.2518919048072545,1.2386626615983067
557,1,malicious,benign,2.4597176123052042,3.489759714996445
558,1,malicious,benign,1.2888493881326575,7.026209564759098
559,0,benign,benign,2.773961502973205,8.752086961441826
560,1,malicious,benign,1.860694911091095,5.870313447120694
561,0,benign,benign,1.5894044975360928,5.535312121751974
562,1,malicious,malicious,4.117266166205444,3.0774421342775806
563,1,malicious,malicious,3.298869445987947,1.2386626615983067
564,0,benign,benign,2.2705043038724604,5.29148401845231
565,0,benign,benign,1.6689143046527952,4.7221376645209725
566,0,benign,benign,1.8506770207014145,4.308597431349285
567,1,malicious,malicious,3.2518919048072545,1.2386626615983067
568,1,malicious,benign,2.664191930596039,3.148513555056102
569,0,benign,benign,1.546915174011503,7.485969786569847
570,0,benign,benign,1.8223883373306042,5.599891303017778
571,1,malicious,malicious,3.2518919048072545,1.2386626615983067
572,0,benign,benign,1.3532732779169911,6.528594441570013
573,1,malicious,malicious,3.298869445987947,1.2386626615983067
574,1,malicious,malicious,3.298869445987947,1.2386626615983067
575,0,benign,benign,1.6777845862154488,5.922639337016518
576,0,benign,benign,3.1210059195532103,8.69030138278965
577,1,malicious,malicious,3.298869445987947,1.2386626615983067
578,1,malicious,malicious,3.2518919048072545,1.2386626615983067
579,0,benign,benign,1.3527629306822535,8.648754568238303
580,0,benign,benign,1.0882080943743961,5.9194195985953
581,1,malicious,malicious,4.21826507780111,1.2386626615983067
582,0,benign,benign,2.8640408260369625,8.752086961441826
583,1,malicious,malicious,4.3594112680262915,3.5204946197078364
584,1,malicious,malicious,3.2518919048072545,1.2386626615983067
585,1,malicious,malicious,3.298869445987947,1.2386626615983067
586,1,malicious,malicious,3.268427521743459,1.2386626615983067
587,0,benign,benign,1.5894044975360928,4.185849749047618
588,1,malicious,malicious,3.298869445987947,1.2386626615983067
589,0,benign,benign,2.47319335138973,4.869785952302474
590,1,malicious,benign,2.1343066546791674,5.585574082767435
591,1,malicious,malicious,3.590776053900089,1.2386626615983067
592,1,malicious,malicious,3.298869445987947,1.2386626615983067
593,0,benign,benign,1.6124877515846112,7.688967690813047
594,0,benign,benign,1.2583537254405948,5.727984348116493
595,1,malicious,benign,2.333923191666014,3.180161356402387
596,0,benign,benign,1.6689143046527952,7.465649530544545
597,1,malicious,malicious,3.298869445987947,1.2386626615983067
598,1,malicious,malicious,4.21826507780111,1.2386626615983067
599,1,malicious,malicious,8.696984882373076,2.008451796275189
600,1,malicious,malicious,3.2518919048072545,1.2386626615983067
601,1,malicious,malicious,3.2518919048072545,1.2386626615983067
602,1,malicious,benign,3.517749432614049,5.691310935207472
603,1,malicious,malicious,3.298869445987947,1.2386626615983067
604,1,malicious,malicious,3.298869445987947,1.2386626615983067
605,0,benign,benign,2.6892546949851335,3.617678154220279
606,1,malicious,malicious,3.298869445987947,1.2386626615983067
607,1,malicious,benign,2.6904973338255007,4.894175080882758
608,1,malicious,malicious,4.21826507780111,1.2386626615983067
609,1,malicious,malicious,3.298869445987947,1.2386626615983067
610,1,malicious,malicious,3.298869445987947,1.2386626615983067
611,1,malicious,malicious,3.268427521743459,1.2386626615983067
612,1,malicious,benign,2.603342621815849,3.294844170596078
613,1,malicious,malicious,4.544716061912204,3.9304329723638487
614,0,benign,benign,1.3527629306822535,6.72621281816626
615,1,malicious,benign,2.4575569545346463,2.654855547169002
616,1,malicious,malicious,3.298869445987947,1.2386626615983067
617,1,malicious,malicious,3.298869445987947,1.2386626615983067
618,1,malicious,malicious,3.298869445987947,1.2386626615983067
619,0,benign,benign,2.452480567809584,4.398123754059445
620,1,malicious,malicious,3.2518919048072545,1.2386626615983067
621,0,benign,benign,1.5676749341217775,5.260740287491471
622,0,benign,benign,1.5061674014102493,6.314470401774958
623,1,malicious,malicious,2.837075916193564,2.7328475932374148
624,1,malicious,malicious,4.21826507780111,1.2386626615983067
625,0,benign,benign,1.5506838773452012,4.569645493659467
626,1,malicious,malicious,3.298869445987947,1.2386626615983067
627,1,malicious,malicious,3.298869445987947,1.2386626615983067
628,1,malicious,malicious,3.2518919048072545,1.2386626615983067
629,1,malicious,malicious,2.593617503893557,1.2386626615983067
630,0,benign,benign,1.3415366933774795,5.053287070785746
631,0,benign,benign,1.5061674014102493,4.721587441540164
632,0,benign,benign,1.6689143046527952,4.690505093890259
633,1,malicious,malicious,3.298869445987947,1.2386626615983067
634,0,benign,benign,3.1769794295082656,6.814656687114675
635,1,malicious,malicious,3.2388700926253264,1.2386626615983067
636,1,malicious,malicious,4.21826507780111,1.2386626615983067
637,1,malicious,malicious,3.5924604558595856,1.2386626615983067
638,1,malicious,malicious,3.298869445987947,1.2386626615983067
639,0,benign,benign,2.403851641777723,4.2152493081606
640,0,benign,benign,3.241372827748855,8.690237296573457
641,1,malicious,benign,2.573946975048605,5.381179996008061
642,0,benign,benign,2.424159575145621,3.264604708811883
643,1,malicious,benign,3.4711926582614234,5.141490195787853
644,0,benign,benign,2.6930974120017437,3.5902412076470767
645,1,malicious,malicious,3.2518919048072545,1.2386626615983067
646,1,malicious,benign,3.016338498195796,3.480140364362619
647,1,malicious,malicious,3.2518919048072545,1.2386626615983067
648,0,benign,malicious,3.268427521743459,1.2386626615983067
649,0,benign,benign,1.8490616480065618,5.685730099406871
650,1,malicious,malicious,3.2518919048072545,1.2386626615983067
651,0,benign,benign,1.5872310432370693,3.739295164547836
652,1,malicious,malicious,3.982472915309284,1.2386626615983067
653,0,benign,malicious,2.6622656659860144,1.2386626615983067
654,1,malicious,malicious,3.298869445987947,1.2386626615983067
655,1,malicious,malicious,3.298869445987947,1.2386626615983067
656,0,benign,benign,1.700740540040527,3.6453351911040013
657,0,benign,benign,3.241372827748855,8.690237296573457
658,1,malicious,malicious,3.298869445987947,1.2386626615983067
659,0,benign,benign,1.5066427708321846,6.20698042420301
660,0,benign,benign,1.538091299689754,5.893303695962954
661,0,benign,benign,2.006829868464372,5.032465029302074
662,1,malicious,malicious,3.298869445987947,1.2386626615983067
663,1,malicious,malicious,3.298869445987947,1.2386626615983067
664,0,benign,benign,1.6689143046527952,4.479568446684486
665,1,malicious,malicious,3.298869445987947,1.2386626615983067
666,0,benign,benign,2.8640408260369625,8.752086961441826
667,1,malicious,malicious,3.298869445987947,1.2386626615983067
668,0,benign,benign,1.5487852179249837,6.272030417334909
669,0,benign,benign,3.2069173818352064,3.2912376933744496
670,0,benign,benign,2.424159575145621,4.084669855260275
671,1,malicious,malicious,3.298869445987947,1.2386626615983067
672,1,malicious,benign,4.155564964175921,4.544886966100582
673,1,malicious,malicious,4.21826507780111,1.2386626615983067
674,1,malicious,malicious,3.2518919048072545,1.2386626615983067
675,0,benign,benign,2.6034239313914482,3.4326837104284467
676,0,benign,benign,1.6286363400844925,5.919930589814532
677,0,benign,benign,1.6689143046527952,4.8587574192807725
678,0,benign,benign,3.1769794295082656,6.814656687114675
679,0,benign,benign,1.482249479531209,6.763618496183108
680,1,malicious,malicious,3.298869445987947,1.2386626615983067
681,1,malicious,benign,2.1325641282927017,6.415554283873384
682,0,benign,malicious,4.875093870192064,2.720258336905501
683,1,malicious,malicious,8.888062859003561,2.008451796275189
684,1,malicious,malicious,2.593617503893557,1.2386626615983067
685,0,benign,benign,1.652600094550614,5.633330924510426
686,1,malicious,malicious,3.298869445987947,1.2386626615983067
687,0,benign,benign,1.5441346770227482,5.975515812041452
688,1,malicious,malicious,3.298869445987947,1.2386626615983067
689,1,malicious,benign,1.11011365699842,5.96103047119129
690,0,benign,benign,1.5066427708321846,4.699884202712237
691,1,malicious,malicious,4.21826507780111,1.2386626615983067
692,1,malicious,malicious,3.822190736241387,1.2386626615983067
693,1,malicious,benign,2.7586482412652535,2.8680530341506714
694,1,malicious,malicious,9.148335059262996,2.008451796275189
695,0,benign,benign,1.5676749341217775,5.152033065315775
696,0,benign,benign,1.6124877515846112,5.865069312568583
697,0,benign,benign,1.5621026768814037,5.258617854990313
698,1,malicious,malicious,2.7885521373263096,1.2386626615983067
699,1,malicious,malicious,4.21826507780111,1.2386626615983067
700,1,malicious,benign,2.793476521738668,6.371498345097141
701,0,benign,benign,1.937224102106769,4.2825391387413845
702,0,benign,benign,2.4437322515926585,5.354749484993383
703,0,benign,benign,1.5061674014102493,3.9927647092749154
704,1,malicious,malicious,4.21826507780111,1.2386626615983067
705,1,malicious,benign,3.1098650468947855,4.834269783518213
706,0,benign,benign,2.8640408260369625,8.752086961441826
707,1,malicious,malicious,3.268427521743459,1.2386626615983067
708,0,benign,benign,1.5894044975360928,6.290982705834255
709,1,malicious,benign,2.603342621815849,2.6146398736222247
710,1,malicious,malicious,4.21826507780111,1.2386626615983067
711,1,malicious,benign,2.664228941099611,3.1993247273884227
712,0,benign,benign,1.507511808561117,5.907124508906149
713,0,benign,benign,2.8640408260369625,8.752086961441826
714,0,benign,benign,1.7553087251278978,4.066137308285292
715,0,benign,benign,1.507511808561117,5.105144419535579
716,0,benign,benign,2.8640408260369625,8.752086961441826
717,0,benign,malicious,2.593617503893557,1.2386626615983067
718,1,malicious,malicious,3.298869445987947,1.2386626615983067
719,0,benign,benign,1.5487852179249837,3.7892535886422802
720,0,benign,benign,1.5895036804914735,5.718411172314449
721,1,malicious,benign,1.2564841048658062,5.374344898965315
722,0,benign,benign,1.4050711576477533,6.093036823932225
723,1,malicious,malicious,3.298869445987947,1.2386626615983067
724,0,benign,benign,1.5894234389674247,5.712213507565404
725,1,malicious,benign,2.3019305326958817,4.623264917623366
726,1,malicious,malicious,3.298869445987947,1.2386626615983067
727,0,benign,benign,1.5440820289977562,5.596918464071056
728,1,malicious,malicious,3.298869445987947,1.2386626615983067
729,1,malicious,benign,2.5735381143864546,3.7076489713870235
730,0,benign,benign,3.1906109704707064,8.437955488729676
731,1,malicious,benign,3.3959951906389456,4.722487850225424
732,1,malicious,benign,1.2888493881326575,5.8835632138151235
733,0,benign,benign,2.466648852265128,2.7200792957052373
734,0,benign,benign,2.773961502973205,8.752086961441826
735,1,malicious,malicious,3.298869445987947,1.2386626615983067
736,0,benign,benign,2.424159575145621,4.027222751954986
737,0,benign,benign,2.773961502973205,8.752086961441826
738,1,malicious,malicious,4.21826507780111,1.2386626615983067
739,1,malicious,malicious,3.298869445987947,1.2386626615983067
740,1,malicious,malicious,3.298869445987947,1.2386626615983067
741,1,malicious,malicious,3.298869445987947,1.2386626615983067
742,1,malicious,malicious,3.298869445987947,1.2386626615983067
743,0,benign,benign,1.519791226825902,4.960914312246485
744,0,benign,benign,3.2069173818352064,5.509022368919979
745,1,malicious,malicious,3.298869445987947,1.2386626615983067
746,1,malicious,benign,3.1537068097987984,3.744913020721012
747,1,malicious,malicious,3.298869445987947,1.2386626615983067
748,0,benign,benign,2.7030525881786946,4.090310551931774
749,1,malicious,malicious,3.298869445987947,1.2386626615983067
750,0,benign,benign,2.462444877085172,2.6662638334197806
751,1,malicious,malicious,3.298869445987947,1.2386626615983067
752,0,benign,benign,1.5829215335843623,5.882898884324868
753,1,malicious,malicious,4.21826507780111,1.2386626615983067
754,1,malicious,benign,2.2699567963023535,3.894837804555742
755,0,benign,benign,1.1172032723067673,5.7735245400260045
756,0,benign,benign,1.8223883373306042,6.44116768735266
757,1,malicious,malicious,3.2518919048072545,1.2386626615983067
758,1,malicious,benign,3.872097577160793,5.401080354337369
759,1,malicious,malicious,3.298869445987947,1.2386626615983067
760,1,malicious,benign,2.8271454384728347,5.2564491642284
761,1,malicious,malicious,4.21826507780111,1.2386626615983067
762,1,malicious,malicious,3.298869445987947,1.2386626615983067
763,1,malicious,benign,2.1325641282927017,6.372938370710142
764,1,malicious,malicious,3.2518919048072545,1.2386626615983067
765,1,malicious,malicious,2.593617503893557,1.2386626615983067
766,1,malicious,benign,3.024382791260943,4.291019660514803
767,1,malicious,malicious,3.298869445987947,1.2386626615983067
768,0,benign,benign,1.4924712925749342,7.571838403515611
769,1,malicious,benign,2.4179977306985383,3.1941448592332673
770,1,malicious,benign,2.8770625012879334,4.408538111982288
771,0,benign,benign,2.3485238150403305,5.0673050343089585
772,1,malicious,malicious,2.9842605762686123,1.2859034798323716
773,1,malicious,malicious,2.877727066394291,1.2859034798323716
774,0,benign,benign,2.118075237044234,4.962167577233513
775,1,malicious,malicious,3.598542957998527,1.2859034798323716
776,0,benign,benign,2.4261486275135606,3.187087230821016
777,1,malicious,malicious,3.598542957998527,1.2859034798323716
778,0,benign,malicious,2.075245334457287,1.2859034798323716
779,1,malicious,malicious,2.877727066394291,1.2859034798323716
780,1,malicious,benign,2.3344757146715422,2.3702011300769907
781,1,malicious,malicious,2.877727066394291,1.2859034798323716
782,1,malicious,malicious,2.9842605762686123,1.2859034798323716
783,0,benign,benign,1.5628889215358592,5.681908067212763
784,0,benign,benign,1.4465027988311605,3.996761251624904
785,0,benign,benign,1.4972678894603284,4.968778786299687
786,1,malicious,malicious,2.877727066394291,1.2859034798323716
787,1,malicious,malicious,2.877727066394291,1.2859034798323716
788,1,malicious,malicious,2.877727066394291,1.2859034798323716
789,1,malicious,malicious,3.700954289794373,1.2859034798323716
790,0,benign,benign,2.279833936537938,3.3065240304492347
791,1,malicious,benign,1.253658312893262,4.559489908345304
792,0,benign,benign,3.0398727560632497,3.5578043655361578
793,1,malicious,malicious,2.877727066394291,1.2859034798323716
794,1,malicious,malicious,2.877727066394291,1.2859034798323716
795,0,benign,benign,1.997433448402174,3.457048710025845
796,1,malicious,malicious,2.877727066394291,1.2859034798323716
797,0,benign,benign,1.4195929795709472,4.185689615223183
798,1,malicious,malicious,2.877727066394291,1.2859034798323716
799,1,malicious,malicious,2.9842605762686123,1.2859034798323716
800,1,malicious,benign,2.457477134109577,4.153603868727463
801,1,malicious,benign,2.7342812112497,5.245462301768902
802,1,malicious,malicious,2.9842605762686123,1.2859034798323716
803,0,benign,benign,3.124162714767608,7.71477379050053
804,1,malicious,benign,2.6380510293363653,4.594110106651766
805,0,benign,benign,1.6976854628506488,3.8722592886161653
806,1,malicious,benign,1.1383357552542055,6.352824117655684
807,1,malicious,malicious,3.598542957998527,1.2859034798323716
808,1,malicious,malicious,2.877727066394291,1.2859034798323716
809,1,malicious,malicious,3.598542957998527,1.2859034798323716
810,1,malicious,malicious,2.877727066394291,1.2859034798323716
811,0,benign,benign,1.5306336463006414,5.60201929465677
812,0,benign,benign,2.8336572456414686,7.8132796454244025
813,0,benign,benign,2.8554360492143465,7.8132796454244025
814,1,malicious,malicious,2.9842605762686123,1.2859034798323716
815,0,benign,benign,1.4326071951345276,4.949843979936503
816,1,malicious,malicious,2.9842605762686123,1.2859034798323716
817,0,benign,benign,1.520457619772215,8.111909775051899
818,0,benign,benign,1.425102245192941,5.448173032105164
819,1,malicious,benign,2.479279648181851,2.608730776058716
820,0,benign,benign,1.5783122444857662,4.451672189005803
821,1,malicious,malicious,2.877727066394291,1.2859034798323716
822,1,malicious,malicious,2.9842605762686123,1.2859034798323716
823,1,malicious,malicious,2.877727066394291,1.2859034798323716
824,1,malicious,malicious,2.8352253325507584,1.2859034798323716
825,1,malicious,malicious,2.9842605762686123,1.2859034798323716
826,1,malicious,benign,2.309685752408731,3.191224142159934
827,0,benign,benign,1.3878138848902664,4.712302677319435
828,0,benign,benign,2.8336572456414686,7.8132796454244025
829,1,malicious,malicious,2.9842605762686123,1.2859034798323716
830,1,malicious,malicious,2.877727066394291,1.2859034798323716
831,0,benign,benign,2.8554360492143465,7.8132796454244025
832,1,malicious,benign,2.3114071286460836,4.34576605888339
833,1,malicious,malicious,2.877727066394291,1.2859034798323716
834,1,malicious,malicious,2.9842605762686123,1.2859034798323716
835,0,benign,malicious,2.7363506156890174,1.2859034798323716
836,1,malicious,malicious,2.2738568428537396,1.2859034798323716
837,1,malicious,malicious,3.7491738236836794,1.2859034798323716
838,1,malicious,malicious,3.9076900739026765,1.2859034798323716
839,1,malicious,malicious,2.719464177618746,2.523398898105489
840,0,benign,benign,1.4971403169548967,6.32354562446826
841,1,malicious,benign,2.6654657816156306,5.2125086359296695
842,0,benign,benign,1.411080132342366,4.516904195976847
843,0,benign,benign,2.8336572456414686,7.8132796454244025
844,1,malicious,malicious,2.877727066394291,1.2859034798323716
845,0,benign,benign,3.1441699095244067,7.383984848647723
846,0,benign,benign,2.739241949016042,4.391582060277025
847,1,malicious,benign,2.486158941645914,4.387496976823739
848,0,benign,malicious,2.075245334457287,1.2859034798323716
849,1,malicious,malicious,2.9842605762686123,1.2859034798323716
850,1,malicious,malicious,2.840623123453342,1.2859034798323716
851,1,malicious,malicious,3.016230704143219,2.70905699473664
852,1,malicious,malicious,2.877727066394291,1.2859034798323716
853,1,malicious,benign,2.479279648181851,3.607221313647061
854,1,malicious,benign,2.0000223592876623,3.8718336940002995
855,1,malicious,malicious,2.840623123453342,1.2859034798323716
856,1,malicious,malicious,3.598542957998527,1.2859034798323716
857,1,malicious,malicious,2.6717587902084334,1.2859034798323716
858,1,malicious,malicious,4.047838574004637,1.2859034798323716
859,1,malicious,benign,2.611446435053708,3.5118613241891006
860,1,malicious,benign,2.546207921271886,8.549411894652106
861,1,malicious,benign,2.3760831453632894,2.8589014007881586
862,1,malicious,malicious,2.877727066394291,1.2859034798323716
863,0,benign,malicious,2.7363506156890174,1.2859034798323716
864,0,benign,benign,2.8554360492143465,7.8132796454244025
865,0,benign,benign,2.3150386733941186,2.9514726432566474
866,1,malicious,malicious,2.877727066394291,1.2859034798323716
867,1,malicious,benign,2.8920449061484335,5.582477228678395
868,0,benign,benign,2.274029755879177,3.3058135886782
869,0,benign,benign,1.2994591126725297,5.14003188257849
870,1,malicious,malicious,2.877727066394291,1.2859034798323716
871,1,malicious,malicious,2.9842605762686123,1.2859034798323716
872,1,malicious,malicious,2.877727066394291,1.2859034798323716
873,1,malicious,benign,2.3387665265091644,3.358711412574278
874,0,benign,benign,1.855893021128837,6.497905125089625
875,0,benign,benign,1.6976854628506488,5.61062920615038
876,1,malicious,malicious,2.877727066394291,1.2859034798323716
877,0,benign,benign,2.478255656139465,2.9260777193439496
878,1,malicious,malicious,2.877727066394291,1.2859034798323716
879,0,benign,benign,1.4971403169548967,5.951392888344818
880,0,benign,benign,1.5294734682317714,3.89616788548643
881,0,benign,benign,1.681525765609102,6.739544812756911
882,1,malicious,malicious,2.877727066394291,1.2859034798323716
883,0,benign,benign,2.8554360492143465,7.8132796454244025
884,0,benign,benign,2.2635632609483376,4.1969567098575595
885,1,malicious,malicious,2.877727066394291,1.2859034798323716
886,1,malicious,malicious,2.877727066394291,1.2859034798323716
887,0,benign,benign,2.2133996721045497,5.2461749320178175
888,1,malicious,malicious,2.877727066394291,1.2859034798323716
889,1,malicious,malicious,2.877727066394291,1.2859034798323716
890,1,malicious,malicious,2.877727066394291,1.2859034798323716
891,1,malicious,malicious,2.877727066394291,1.2859034798323716
892,0,benign,malicious,3.148778777613632,2.89353639887445
893,1,malicious,malicious,2.877727066394291,1.2859034798323716
894,1,malicious,malicious,2.9842605762686123,1.2859034798323716
895,0,benign,benign,1.4465027988311605,6.033787920085263
896,1,malicious,malicious,2.877727066394291,1.2859034798323716
897,1,malicious,benign,2.331995514985152,2.4218117746761214
898,1,malicious,malicious,3.598542957998527,1.2859034798323716
899,1,malicious,malicious,2.877727066394291,1.2859034798323716
900,0,benign,benign,2.8554360492143465,7.8132796454244025
901,1,malicious,malicious,3.598542957998527,1.2859034798323716
902,0,benign,malicious,5.255764668174358,3.203383764958041
903,1,malicious,malicious,2.877727066394291,1.2859034798323716
904,1,malicious,benign,2.979159376039483,6.43255932199291
905,0,benign,benign,1.3914799889445022,4.460708911120999
906,1,malicious,malicious,2.2338996420244186,1.2859034798323716
907,1,malicious,malicious,2.877727066394291,1.2859034798323716
908,0,benign,benign,1.5294734682317714,4.23123542396487
909,1,malicious,malicious,2.877727066394291,1.2859034798323716
910,1,malicious,malicious,2.840623123453342,1.2859034798323716
911,1,malicious,malicious,2.877727066394291,1.2859034798323716
912,0,benign,benign,1.436995031808701,5.329763680663708
913,1,malicious,malicious,2.877727066394291,1.2859034798323716
914,1,malicious,benign,1.1777042807101121,5.716111537336076
915,0,benign,benign,1.5628889215358592,7.922997389008649
916,1,malicious,malicious,2.9842605762686123,1.2859034798323716
917,1,malicious,malicious,3.598542957998527,1.2859034798323716
918,1,malicious,malicious,2.9842605762686123,1.2859034798323716
919,1,malicious,malicious,4.060456576966818,2.9328470242662736
920,1,malicious,malicious,2.877727066394291,1.2859034798323716
921,0,benign,benign,1.438126218772057,3.7747674639258197
922,1,malicious,malicious,2.877727066394291,1.2859034798323716
923,1,malicious,malicious,2.877727066394291,1.2859034798323716
924,0,benign,benign,2.8554360492143465,7.541442296049584
925,1,malicious,benign,2.9866985315029506,3.697051669706526
926,0,benign,benign,1.4573580625915077,6.589071563960124
927,1,malicious,malicious,2.9842605762686123,1.2859034798323716
928,1,malicious,benign,2.756292037959831,4.70680548231234
929,1,malicious,malicious,2.6717587902084334,1.2859034798323716
930,1,malicious,benign,2.4707458815837566,3.594647963940558
931,1,malicious,malicious,2.877727066394291,1.2859034798323716
932,1,malicious,malicious,2.877727066394291,1.2859034798323716
933,1,malicious,malicious,2.877727066394291,1.2859034798323716
934,1,malicious,malicious,2.877727066394291,1.2859034798323716
935,0,benign,benign,1.236814301637791,5.076545673521273
936,0,benign,benign,1.4007451092286052,5.378880481068876
937,1,malicious,benign,2.491800287530173,3.191164119201758
938,1,malicious,malicious,2.877727066394291,1.2859034798323716
939,1,malicious,benign,1.6768015884005971,4.358122798511967
940,0,benign,malicious,2.075245334457287,1.2859034798323716
941,0,benign,benign,1.4971403169548967,5.343373308496952
942,1,malicious,benign,2.479279648181851,2.519130086021274
943,0,benign,benign,2.8554360492143465,7.8132796454244025
944,1,malicious,malicious,2.9842605762686123,1.2859034798323716
945,1,malicious,malicious,3.598542957998527,1.2859034798323716
946,1,malicious,malicious,3.598542957998527,1.2859034798323716
947,1,malicious,malicious,2.877727066394291,1.2859034798323716
948,1,malicious,benign,2.460101435785041,4.459070462550745
949,0,benign,benign,1.2974825579855835,5.181871441727422
950,1,malicious,malicious,2.877727066394291,1.2859034798323716
951,0,benign,benign,1.3878138848902664,4.583887374437191
952,0,benign,benign,2.3125719565181337,3.261921043096289
953,1,malicious,malicious,2.877727066394291,1.2859034798323716
954,1,malicious,malicious,2.9842605762686123,1.2859034798323716
955,0,benign,malicious,2.7363506156890174,1.2859034798323716
956,1,malicious,benign,2.4482037577432654,2.8677541608508315
957,1,malicious,malicious,2.877727066394291,1.2859034798323716
958,0,benign,benign,2.8336572456414686,7.8132796454244025
959,1,malicious,malicious,3.598542957998527,1.2859034798323716
960,1,malicious,benign,2.213385874502753,3.055012594932217
961,1,malicious,malicious,2.9842605762686123,1.2859034798323716
962,1,malicious,malicious,2.877727066394291,1.2859034798323716
963,1,malicious,benign,2.8518913233743763,4.959769461949752
964,1,malicious,malicious,3.598542957998527,1.2859034798323716
965,1,malicious,benign,2.59913969464358,6.182313555771259
966,1,malicious,malicious,2.877727066394291,1.2859034798323716
967,1,malicious,malicious,2.877727066394291,1.2859034798323716
968,0,benign,benign,1.507142422371356,5.206930744661307
969,0,benign,benign,1.697623746739474,4.548328904168264
970,1,malicious,malicious,3.598542957998527,1.2859034798323716
971,1,malicious,benign,2.4707458815837566,4.812214690239288
972,1,malicious,malicious,2.763904400451256,1.2859034798323716
973,1,malicious,benign,2.1416152065884604,2.1551078697921784
974,0,benign,benign,1.4556199990271126,6.967699103934063
975,0,benign,benign,2.724308360748436,4.299466553903401
976,0,benign,benign,1.438126218772057,4.974639856611422
977,1,malicious,malicious,3.598542957998527,1.2859034798323716
978,1,malicious,benign,2.230861331639073,2.3151241326209053
979,1,malicious,benign,2.239938338188629,7.070694143553274
980,1,malicious,malicious,3.598542957998527,1.2859034798323716
981,1,malicious,malicious,3.598542957998527,1.2859034798323716
982,0,benign,benign,1.193293665668659,5.137875463482299
983,0,benign,benign,4.219252086734778,7.5027242290386935
984,1,malicious,benign,2.4782707334514145,2.7435375442573937
985,1,malicious,malicious,2.877727066394291,1.2859034798323716
986,1,malicious,benign,2.733598127988052,5.7404116683542235
987,1,malicious,malicious,2.479279648181851,2.2746256413390915
988,1,malicious,malicious,2.877727066394291,1.2859034798323716
989,1,malicious,malicious,2.877727066394291,1.2859034798323716
990,1,malicious,benign,2.470478437418593,2.830607421970482
991,1,malicious,malicious,3.598542957998527,1.2859034798323716
992,1,malicious,malicious,2.9842605762686123,1.2859034798323716
993,0,benign,malicious,2.075245334457287,1.2859034798323716
994,1,malicious,malicious,4.436760149028795,2.732348667948358
995,1,malicious,malicious,3.598542957998527,1.2859034798323716
996,1,malicious,malicious,2.877727066394291,1.2859034798323716
997,1,malicious,malicious,3.598542957998527,1.2859034798323716
998,1,malicious,benign,2.9969366835536295,8.123996565817292
999,1,malicious,benign,3.062518058850354,4.130260080786492
1000,1,malicious,benign,2.983732020631694,8.065868311298264
1001,1,malicious,malicious,2.877727066394291,1.2859034798323716
1002,0,benign,benign,1.520457619772215,5.996502485091182
1003,1,malicious,benign,2.9182289982905067,6.328528305729458
1004,1,malicious,malicious,2.877727066394291,1.2859034798323716
1005,1,malicious,benign,2.8119063793471253,3.9843177103734426
1006,0,benign,benign,3.911814065821038,7.405027719227217
1007,1,malicious,malicious,2.877727066394291,1.2859034798323716
1008,1,malicious,malicious,2.8352253325507584,1.2859034798323716
1009,0,benign,benign,2.353042324772095,4.8954141853526405
1010,0,benign,benign,1.411080132342366,3.247069560789517
1011,1,malicious,malicious,2.9842605762686123,1.2859034798323716
1012,1,malicious,malicious,2.877727066394291,1.2859034798323716
1013,0,benign,benign,2.3332175929318426,3.5766797619916644
1014,0,benign,benign,1.145968416329873,4.98665459054346
1015,1,malicious,malicious,2.877727066394291,1.2859034798323716
1016,1,malicious,benign,2.479279648181851,2.9301059150090882
1017,1,malicious,malicious,2.9842605762686123,1.2859034798323716
1018,1,malicious,malicious,2.840623123453342,1.2859034798323716
1019,1,malicious,malicious,2.877727066394291,1.2859034798323716
1020,0,benign,benign,1.4834807986565814,5.321505992057813
1021,0,benign,benign,2.331995514985152,3.2701186337538966
1022,1,malicious,malicious,2.877727066394291,1.2859034798323716
1023,1,malicious,malicious,2.877727066394291,1.2859034798323716
1024,1,malicious,malicious,3.2442822037223937,1.2447118740376384
1025,1,malicious,malicious,3.2442822037223937,1.2447118740376384
1026,0,benign,benign,2.3455894822874215,6.051139958707653
1027,0,benign,benign,2.261818400418209,2.751939493591578
1028,1,malicious,benign,3.392949460252589,6.739840468862909
1029,1,malicious,malicious,3.2442822037223937,1.2447118740376384
1030,1,malicious,malicious,3.2442822037223937,1.2447118740376384
1031,0,benign,benign,1.721312374916606,3.3911878741035344
1032,1,malicious,malicious,3.2442822037223937,1.2447118740376384
1033,0,benign,benign,1.6821300211473544,4.677115755342774
1034,1,malicious,malicious,3.2442822037223937,1.2447118740376384
1035,0,benign,benign,2.253469656789175,2.7706215882427423
1036,0,benign,benign,1.6821300211473544,4.288127860378155
1037,0,benign,benign,3.803713675298587,8.41992368906886
1038,1,malicious,benign,2.208160319659618,5.331348465623669
1039,1,malicious,malicious,8.765484711055208,2.3032414934880117
1040,1,malicious,malicious,3.150930183320252,1.2447118740376384
1041,1,malicious,malicious,2.912893615822682,2.424353571054564
1042,1,malicious,malicious,3.2442822037223937,1.2447118740376384
1043,0,benign,malicious,4.742550200717637,2.304904757410119
1044,0,benign,benign,2.111095670277655,6.156082976167818
1045,1,malicious,malicious,3.2442822037223937,1.2447118740376384
1046,0,benign,benign,2.2259658429371028,3.7986848115032177
1047,1,malicious,benign,2.2795233250921707,2.4157348003844055
1048,1,malicious,malicious,2.648034642203813,2.238054187960863
1049,1,malicious,malicious,8.80263115523767,2.3032414934880117
1050,1,malicious,malicious,3.2442822037223937,1.2447118740376384
1051,1,malicious,malicious,5.121240770696341,4.528211307696034
1052,1,malicious,benign,2.9661078398974,3.820851261628505
1053,1,malicious,malicious,3.2442822037223937,1.2447118740376384
1054,1,malicious,malicious,3.2442822037223937,1.2447118740376384
1055,1,malicious,malicious,3.2442822037223937,1.2447118740376384
1056,1,malicious,malicious,3.2442822037223937,1.2447118740376384
1057,1,malicious,benign,3.3221705460493083,6.106721415946664
1058,1,malicious,malicious,3.2442822037223937,1.2447118740376384
1059,1,malicious,benign,4.313974006291809,5.724765846998381
1060,0,benign,benign,1.6821300211473544,4.834531343726933
1061,1,malicious,malicious,3.2442822037223937,1.2447118740376384
1062,1,malicious,malicious,3.2442822037223937,1.2447118740376384
1063,0,benign,benign,1.5689444325051243,4.133020478437426
1064,0,benign,benign,2.2622795854516107,6.735494304631826
1065,1,malicious,malicious,3.5921823699835285,1.2447118740376384
1066,1,malicious,malicious,3.2442822037223937,1.2447118740376384
1067,1,malicious,malicious,3.2442822037223937,1.2447118740376384
1068,1,malicious,malicious,3.2442822037223937,1.2447118740376384
1069,0,benign,benign,1.721312374916606,6.559134749292041
1070,1,malicious,benign,1.1725645335818817,5.161647173825828
1071,1,malicious,malicious,3.2442822037223937,1.2447118740376384
1072,1,malicious,malicious,3.150930183320252,1.2447118740376384
1073,0,benign,benign,1.410554111708624,6.027181787568658
1074,0,benign,benign,2.122096021539338,5.240529137861916
1075,1,malicious,benign,3.3960758851496524,6.019717964701431
1076,1,malicious,malicious,3.2442822037223937,1.2447118740376384
1077,0,benign,benign,2.2055545452081686,4.012208451375742
1078,1,malicious,malicious,3.2442822037223937,1.2447118740376384
1079,1,malicious,malicious,3.150930183320252,1.2447118740376384
1080,0,benign,benign,2.2055545452081686,2.6878368038179223
1081,1,malicious,benign,1.0421359161052244,4.8547641392372585
1082,0,benign,benign,2.2055545452081686,3.1499469065063463
1083,1,malicious,malicious,3.2442822037223937,1.2447118740376384
1084,1,malicious,benign,4.004775291996262,5.312039278960475
1085,1,malicious,malicious,3.2442822037223937,1.2447118740376384
1086,1,malicious,malicious,2.208160319659618,2.0639367076477293
1087,0,benign,benign,1.6468960958068926,4.745085736159849
1088,0,benign,benign,1.6821300211473544,4.370535509674648
1089,1,malicious,malicious,3.2442822037223937,1.2447118740376384
1090,1,malicious,malicious,2.5739442085586792,1.2447118740376384
1091,0,benign,benign,1.9084356436641765,3.7983128358788383
1092,1,malicious,malicious,3.2442822037223937,1.2447118740376384
1093,1,malicious,benign,2.1205879987499663,5.2671392159744865
1094,1,malicious,benign,2.198191490390465,3.238154164507254
1095,1,malicious,malicious,2.621102701939397,1.2447118740376384
1096,1,malicious,malicious,3.2090842051495754,1.2447118740376384
1097,1,malicious,malicious,3.2090842051495754,1.2447118740376384
1098,0,benign,benign,1.6821300211473544,5.728837041966215
1099,1,malicious,benign,3.0800320769169947,4.9769585765457
1100,1,malicious,malicious,3.2442822037223937,1.2447118740376384
1101,1,malicious,malicious,3.2442822037223937,1.2447118740376384
1102,1,malicious,malicious,3.2442822037223937,1.2447118740376384
1103,1,malicious,malicious,3.250947797151861,1.2447118740376384
1104,1,malicious,malicious,3.2442822037223937,1.2447118740376384
1105,1,malicious,malicious,3.2442822037223937,1.2447118740376384
1106,1,malicious,benign,1.919349774250028,6.637299247091056
1107,1,malicious,malicious,3.2442822037223937,1.2447118740376384
1108,0,benign,benign,3.915320275464336,8.41992368906886
1109,1,malicious,malicious,3.2442822037223937,1.2447118740376384
1110,1,malicious,malicious,2.753181743401817,1.2447118740376384
1111,1,malicious,benign,2.111095670277655,4.226965115167445
1112,0,benign,benign,1.6327186820335746,3.444933562256501
1113,0,benign,benign,1.557609470190569,4.00562701193997
1114,1,malicious,malicious,3.0019329184405454,1.2447118740376384
1115,1,malicious,benign,0.8691816455514788,6.080100712220917
1116,0,benign,benign,1.0405856643141116,5.314225448273513
1117,1,malicious,benign,2.2553993198065507,3.862597539557934
1118,1,malicious,malicious,3.2442822037223937,1.2447118740376384
1119,1,malicious,benign,2.394661179968008,3.1214872473121313
1120,0,benign,benign,2.2622795854516107,2.7195975491956457
1121,0,benign,benign,1.0435653781471579,4.8748164188162475
1122,1,malicious,malicious,3.2057607684734375,1.2447118740376384
1123,1,malicious,benign,2.412521500623348,2.6089539454709674
1124,1,malicious,malicious,3.2090842051495754,1.2447118740376384
1125,1,malicious,malicious,3.2442822037223937,1.2447118740376384
1126,1,malicious,malicious,3.2442822037223937,1.2447118740376384
1127,1,malicious,benign,2.3925667189842392,6.232744732674766
1128,0,benign,benign,3.1651673198867414,6.41163292162155
1129,1,malicious,malicious,3.2442822037223937,1.2447118740376384
1130,0,benign,benign,3.1651673198867414,6.41163292162155
1131,1,malicious,malicious,3.150930183320252,1.2447118740376384
1132,1,malicious,benign,2.257746215282735,2.957970035245576
1133,0,benign,malicious,3.964800230631336,1.2447118740376384
1134,0,benign,benign,2.152715974815013,3.8315160485309145
1135,0,benign,benign,1.55617757892714,3.1044638544089054
1136,0,benign,benign,3.548697707079468,8.758319530395458
1137,0,benign,benign,3.548697707079468,8.758319530395458
1138,0,benign,benign,2.2228251649121025,4.2420241349593475
1139,1,malicious,benign,2.407873208551589,5.523419324082955
1140,1,malicious,malicious,3.2442822037223937,1.2447118740376384
1141,1,malicious,benign,3.392949460252589,6.460894989752353
1142,0,benign,benign,2.7908484198196017,3.424913362413844
1143,0,benign,benign,1.4666710726707035,3.1064180019008365
1144,1,malicious,benign,2.208160319659618,2.831609321556022
1145,1,malicious,benign,3.1834037447602186,6.793672362928914
1146,1,malicious,malicious,3.5921823699835285,1.2447118740376384
1147,0,benign,benign,1.6438720842456473,4.870359144192057
1148,1,malicious,malicious,3.5921823699835285,1.2447118740376384
1149,1,malicious,malicious,3.2442822037223937,1.2447118740376384
1150,1,malicious,benign,2.2765746822783686,2.642960783388267
1151,0,benign,benign,1.5572201886722334,5.124125977339638
1152,1,malicious,malicious,3.5921823699835285,1.2447118740376384
1153,1,malicious,benign,3.7764782486193527,7.642084139122755
1154,1,malicious,malicious,3.2442822037223937,1.2447118740376384
1155,0,benign,benign,1.639365951100733,4.120900136334328
1156,1,malicious,benign,3.3007480913079963,4.670712316333801
1157,0,benign,benign,3.548697707079468,8.758319530395458
1158,1,malicious,malicious,3.2057607684734375,1.2447118740376384
1159,1,malicious,malicious,3.2442822037223937,1.2447118740376384
1160,0,benign,benign,3.548697707079468,8.758319530395458
1161,1,malicious,benign,3.418525307938829,4.22521827485715
1162,1,malicious,benign,3.0618224656700717,3.162034927315954
1163,1,malicious,malicious,2.407873208551589,2.369132142606704
1164,1,malicious,benign,2.208162042491353,5.682197249252816
1165,0,benign,benign,3.1651673198867414,6.41163292162155
1166,1,malicious,malicious,3.5921823699835285,1.2447118740376384
1167,1,malicious,benign,2.586915323484102,4.026684116639802
1168,1,malicious,benign,2.2622795854516107,4.974024343315507
1169,1,malicious,malicious,3.150930183320252,1.2447118740376384
1170,1,malicious,benign,2.208160319659618,3.179736299483931
1171,1,malicious,benign,2.263824673248183,2.8258894745236063
1172,0,benign,benign,3.1651673198867414,6.41163292162155
1173,1,malicious,malicious,3.5921823699835285,1.2447118740376384
1174,1,malicious,malicious,3.5921823699835285,1.2447118740376384
1175,1,malicious,malicious,3.2442822037223937,1.2447118740376384
1176,1,malicious,malicious,8.30337085046217,2.3032414934880117
1177,0,benign,benign,3.548697707079468,8.758319530395458
1178,1,malicious,malicious,3.2442822037223937,1.2447118740376384
1179,1,malicious,malicious,4.507846521659518,3.2678436000923514
1180,1,malicious,malicious,3.2442822037223937,1.2447118740376384
1181,1,malicious,malicious,3.2442822037223937,1.2447118740376384
1182,1,malicious,malicious,3.2442822037223937,1.2447118740376384
1183,1,malicious,benign,4.585167409006599,5.586066618452931
1184,1,malicious,malicious,3.2442822037223937,1.2447118740376384
1185,1,malicious,malicious,2.432341076160616,2.226023278261173
1186,1,malicious,malicious,3.2057607684734375,1.2447118740376384
1187,1,malicious,malicious,3.150930183320252,1.2447118740376384
1188,1,malicious,malicious,3.150930183320252,1.2447118740376384
1189,1,malicious,malicious,2.7762773429495353,1.2447118740376384
1190,1,malicious,benign,2.2496288525156913,4.158580077579474
1191,1,malicious,malicious,3.802628082273603,1.2447118740376384
1192,0,benign,benign,3.471196839096895,8.758319530395458
1193,1,malicious,malicious,3.5921823699835285,1.2447118740376384
1194,1,malicious,malicious,3.4595366235127925,1.2447118740376384
1195,0,benign,benign,3.8319109981391746,8.41992368906886
1196,0,benign,benign,1.6796315698327589,4.186885277782704
1197,1,malicious,benign,2.267809952848355,4.648155075796866
1198,1,malicious,malicious,3.1344954810573222,1.2447118740376384
1199,0,benign,benign,3.548697707079468,8.758319530395458
1200,0,benign,benign,3.7313888158125845,7.50248387558678
1201,1,malicious,malicious,3.2442822037223937,1.2447118740376384
1202,0,benign,benign,3.548697707079468,8.427582492791332
1203,1,malicious,malicious,3.5921823699835285,1.2447118740376384
1204,0,benign,benign,3.803736313535058,8.41992368906886
1205,1,malicious,benign,3.999282080108356,5.533550805457465
1206,0,benign,benign,1.5524913239406666,5.397622008424343
1207,1,malicious,malicious,3.937007270765596,1.8356705693135904
1208,1,malicious,malicious,3.2442822037223937,1.2447118740376384
1209,0,benign,malicious,2.5846438212808334,2.18057859633166
1210,0,benign,benign,2.111095670277655,6.667640692491084
1211,1,malicious,malicious,4.561375968930384,2.5934197794000027
1212,0,benign,benign,1.6821300211473544,5.137343553157232
1213,1,malicious,malicious,3.2442822037223937,1.2447118740376384
1214,1,malicious,malicious,3.2442822037223937,1.2447118740376384
1215,0,benign,benign,3.821741752374675,8.6268327222795
1216,1,malicious,benign,2.3211588734493716,4.9389391870892085
1217,0,benign,benign,1.6821300211473544,4.457106535741579
1218,0,benign,benign,1.7112446797391074,5.606617537977732
1219,1,malicious,benign,4.748748546695273,5.7785637815429745
1220,1,malicious,benign,2.541203491436571,6.060361111177635
1221,1,malicious,malicious,3.5921823699835285,1.2447118740376384
1222,0,benign,malicious,2.5739442085586792,1.2447118740376384
1223,1,malicious,malicious,3.2057607684734375,1.2447118740376384
1224,1,malicious,malicious,2.295519721313001,1.9318497468090245
1225,1,malicious,malicious,3.150930183320252,1.2447118740376384
1226,0,benign,benign,3.471196839096895,8.758319530395458
1227,0,benign,benign,2.2228251649121025,5.4074001847771695
1228,1,malicious,malicious,3.5921823699835285,1.2447118740376384
1229,1,malicious,malicious,3.2442822037223937,1.2447118740376384
1230,1,malicious,malicious,3.2442822037223937,1.2447118740376384
1231,0,benign,benign,1.5491954581302174,4.264942687738886
1232,1,malicious,benign,2.741401055229363,3.742356376892927
1233,1,malicious,malicious,3.2442822037223937,1.2447118740376384
1234,1,malicious,benign,1.0405856643141116,7.112069812096452
1235,0,benign,benign,2.1818963807340683,5.830419714430077
1236,1,malicious,malicious,4.233459883835646,1.2447118740376384
1237,1,malicious,malicious,3.3484476208305347,1.2447118740376384
1238,1,malicious,malicious,3.2057607684734375,1.2447118740376384
1239,0,benign,benign,1.414985119469499,8.234038648823699
1240,0,benign,benign,1.6821300211473544,4.8039060384904575
1241,1,malicious,malicious,3.2442822037223937,1.2447118740376384
1242,1,malicious,malicious,3.2442822037223937,1.2447118740376384
1243,0,benign,benign,1.8832831482628838,5.187638744332672
1244,0,benign,malicious,3.2090842051495754,1.2447118740376384
1245,1,malicious,benign,2.6736718533764465,5.864105765156189
1246,0,benign,benign,2.4936969423676016,3.4317597398262873
1247,0,benign,malicious,3.6577659589543794,1.2447118740376384
1248,0,benign,benign,2.259362823591864,4.419743243287044
1249,1,malicious,malicious,3.2442822037223937,1.2447118740376384
1250,0,benign,benign,2.3810536535113007,5.119052830821681
1251,1,malicious,malicious,3.2442822037223937,1.2447118740376384
1252,1,malicious,benign,2.394661179968008,3.6472996737590417
1253,1,malicious,malicious,2.987545287566114,1.2447118740376384
1254,1,malicious,benign,2.4705173970192837,4.441434409176367
1255,1,malicious,benign,2.8394522399009006,3.051186013329276
1256,0,benign,benign,1.5860947320481982,3.924545338949234
1257,0,benign,benign,2.2622795854516107,4.031853351870426
1258,1,malicious,malicious,3.341563123679038,1.2447118740376384
1259,1,malicious,malicious,3.5921823699835285,1.2447118740376384
1260,1,malicious,malicious,2.987545287566114,1.2447118740376384
1261,1,malicious,malicious,2.9222409439736206,1.2447118740376384
1262,1,malicious,benign,2.6244974547354976,6.005214158040287
1263,0,benign,benign,1.410554111708624,5.139532730012224
1264,1,malicious,benign,2.7007739905304504,5.171021073468523
1265,1,malicious,benign,2.257746215282735,3.663367639538778
1266,1,malicious,benign,2.208160319659618,3.6676952244681407
1267,1,malicious,benign,2.208160319659618,2.829146793918751
1268,0,benign,benign,1.8108814399129303,2.9926816989416603
1269,1,malicious,benign,2.247132111444825,3.484261914020575
1270,1,malicious,malicious,4.233459883835646,1.2447118740376384
1271,1,malicious,malicious,3.2442822037223937,1.2447118740376384
1272,1,malicious,malicious,3.150930183320252,1.2447118740376384
1273,1,malicious,malicious,3.2442822037223937,1.2447118740376384
1274,1,malicious,malicious,3.2442822037223937,1.2447118740376384
1275,1,malicious,benign,2.208160319659618,3.0912065847812324
1276,0,benign,malicious,3.2090842051495754,1.2447118740376384
1277,1,malicious,malicious,3.2442822037223937,1.2447118740376384
1278,1,malicious,malicious,3.150930183320252,1.2447118740376384
1279,1,malicious,benign,1.3263813396967823,4.412508551930999
1280,1,malicious,malicious,3.3509719857010185,1.2786281831087454
1281,1,malicious,benign,2.1904637976249,3.921400347330134
1282,1,malicious,malicious,4.074154498059639,1.2786281831087454
1283,0,benign,benign,3.087545708050589,6.193277717917325
1284,0,benign,benign,1.5588507282178685,4.630021378012238
1285,0,benign,benign,3.6283888365465256,8.16086052579399
1286,0,benign,benign,1.5709296939052888,4.408722826302248
1287,1,malicious,benign,0.8991615244150801,4.611723762280363
1288,1,malicious,malicious,2.82731727793539,2.6623100095411134
1289,1,malicious,malicious,3.3509719857010185,1.2786281831087454
1290,0,benign,benign,1.1522200834058,6.512450281294159
1291,0,benign,benign,2.8468535661976704,3.003000182776833
1292,1,malicious,malicious,10.021548401934357,2.734522998436254
1293,0,benign,malicious,3.110429811553929,1.2786281831087454
1294,1,malicious,malicious,3.5990294274323933,1.2786281831087454
1295,0,benign,benign,3.4628531858283047,8.123514322689582
1296,1,malicious,malicious,4.074154498059639,1.2786281831087454
1297,0,benign,benign,2.2305623902076928,5.356665726524324
1298,0,benign,benign,3.4628531858283047,8.123514322689582
1299,1,malicious,benign,1.988088095791084,5.651157979956223
1300,1,malicious,malicious,2.999192132313298,1.2786281831087454
1301,1,malicious,malicious,4.074154498059639,1.2786281831087454
1302,1,malicious,benign,2.2952374885957934,4.091812283170411
1303,1,malicious,benign,2.198689995093316,3.395197161776389
1304,1,malicious,malicious,4.074154498059639,1.2786281831087454
1305,1,malicious,malicious,3.2057935247800744,1.2786281831087454
1306,1,malicious,benign,2.5127639300484024,2.834111351355031
1307,1,malicious,benign,2.9884951855028103,4.305690721797314
1308,1,malicious,malicious,4.074154498059639,1.2786281831087454
1309,1,malicious,benign,0.9226689000032268,4.377640053193611
1310,0,benign,benign,1.6467226516207807,4.586524221184375
1311,0,benign,benign,3.595851968264294,8.102972250982843
1312,1,malicious,benign,2.0707561430229977,4.061336008854722
1313,0,benign,benign,1.419018620585844,5.224069132752506
1314,0,benign,benign,2.6323357463971213,3.227479270970128
1315,0,benign,malicious,3.110429811553929,1.2786281831087454
1316,0,benign,benign,2.0937283105737494,7.090700428633339
1317,0,benign,benign,2.1085016163674757,9.104916408340687
1318,1,malicious,malicious,3.3509719857010185,1.2786281831087454
1319,1,malicious,malicious,3.3509719857010185,1.2786281831087454
1320,1,malicious,malicious,3.2057935247800744,1.2786281831087454
1321,1,malicious,benign,2.5167803666818873,4.26594924647246
1322,1,malicious,malicious,3.2057935247800744,1.2786281831087454
1323,0,benign,benign,2.2952374885957934,3.4124119723233335
1324,1,malicious,benign,3.5472745829483694,4.1216423133791364
1325,1,malicious,malicious,4.074154498059639,1.2786281831087454
1326,1,malicious,malicious,3.2057935247800744,1.2786281831087454
1327,0,benign,benign,1.5588507282178685,4.698083841977066
1328,0,benign,malicious,2.999192132313298,1.2786281831087454
1329,0,benign,benign,2.817232074075392,3.6262571007492115
1330,0,benign,benign,2.1085016163674757,6.883215559251912
1331,1,malicious,malicious,3.3509719857010185,1.2786281831087454
1332,1,malicious,benign,2.2646227976963007,7.665454020952371
1333,1,malicious,malicious,3.3509719857010185,1.2786281831087454
1334,1,malicious,malicious,3.3509719857010185,1.2786281831087454
1335,0,benign,malicious,2.410218356751791,1.2786281831087454
1336,1,malicious,benign,1.2085202953991176,4.20320722495476
1337,1,malicious,malicious,3.3509719857010185,1.2786281831087454
1338,1,malicious,malicious,4.074154498059639,1.2786281831087454
1339,0,benign,benign,2.598420182002327,5.540048027862803
1340,1,malicious,benign,2.2964408220830177,4.0759517822612095
1341,0,benign,benign,1.1736010031638808,3.899450805907999
1342,0,benign,benign,1.4022621367349437,3.4867251358968105
1343,1,malicious,malicious,3.3509719857010185,1.2786281831087454
1344,1,malicious,malicious,3.3509719857010185,1.2786281831087454
1345,0,benign,malicious,2.410218356751791,1.2786281831087454
1346,1,malicious,benign,2.8359105858404465,5.183462034496841
1347,0,benign,benign,1.5588507282178685,4.093637353691316
1348,1,malicious,benign,2.8192993102817088,3.0918344053558138
1349,1,malicious,malicious,4.074154498059639,1.2786281831087454
1350,1,malicious,benign,2.653794619737643,4.998841511909784
1351,1,malicious,malicious,3.3509719857010185,1.2786281831087454
1352,0,benign,benign,1.5588507282178685,3.293729915200979
1353,1,malicious,malicious,4.074154498059639,1.2786281831087454
1354,1,malicious,benign,2.494976429717826,5.094574982110003
1355,1,malicious,malicious,4.4882960790645345,1.2786281831087454
1356,0,benign,benign,2.8514165430565734,2.898013176007635
1357,1,malicious,malicious,4.074154498059639,1.2786281831087454
1358,1,malicious,malicious,4.074154498059639,1.2786281831087454
1359,1,malicious,malicious,3.0935420470189436,1.2786281831087454
1360,0,benign,benign,2.5127639300484024,3.2169643171670774
1361,1,malicious,malicious,3.3509719857010185,1.2786281831087454
1362,1,malicious,malicious,3.3509719857010185,1.2786281831087454
1363,1,malicious,malicious,3.2057935247800744,1.2786281831087454
1364,1,malicious,malicious,4.074154498059639,1.2786281831087454
1365,0,benign,malicious,2.5122948628521797,2.4017829115632514
1366,1,malicious,malicious,4.074154498059639,1.2786281831087454
1367,0,benign,benign,3.6283888365465256,8.16086052579399
1368,1,malicious,malicious,4.074154498059639,1.2786281831087454
1369,1,malicious,malicious,3.2057935247800744,1.2786281831087454
1370,1,malicious,malicious,3.2057935247800744,1.2786281831087454
1371,0,benign,benign,2.507022847693504,3.726900800103999
1372,1,malicious,malicious,3.3509719857010185,1.2786281831087454
1373,0,benign,benign,2.6323357463971213,4.018203434430798
1374,0,benign,benign,1.3951870201624348,4.018683679956407
1375,1,malicious,malicious,3.3509719857010185,1.2786281831087454
1376,1,malicious,malicious,3.3509719857010185,1.2786281831087454
1377,0,benign,benign,2.4757061625911465,4.2925607171010185
1378,1,malicious,benign,2.921829802636313,3.9409390380923632
1379,1,malicious,malicious,2.8181616347761023,2.5146156571661513
1380,0,benign,malicious,3.476791770259317,1.2786281831087454
1381,1,malicious,malicious,3.3509719857010185,1.2786281831087454
1382,1,malicious,malicious,3.3509719857010185,1.2786281831087454
1383,1,malicious,malicious,10.21524137121951,2.734522998436254
1384,1,malicious,malicious,3.3509719857010185,1.2786281831087454
1385,1,malicious,malicious,3.3509719857010185,1.2786281831087454
1386,1,malicious,malicious,4.074154498059639,1.2786281831087454
1387,0,benign,benign,2.6278127479967592,5.209731889110352
1388,1,malicious,malicious,3.2057935247800744,1.2786281831087454
1389,1,malicious,malicious,3.3509719857010185,1.2786281831087454
1390,1,malicious,malicious,3.3509719857010185,1.2786281831087454
1391,1,malicious,malicious,3.2057935247800744,1.2786281831087454
1392,1,malicious,benign,2.769844530044849,2.9229270651694925
1393,1,malicious,malicious,3.866004474207781,1.2786281831087454
1394,1,malicious,malicious,3.3509719857010185,1.2786281831087454
1395,1,malicious,malicious,3.3509719857010185,1.2786281831087454
1396,1,malicious,malicious,2.999192132313298,1.2786281831087454
1397,1,malicious,malicious,3.3509719857010185,1.2786281831087454
1398,0,benign,benign,2.1867349620686594,2.928653603162819
1399,1,malicious,malicious,3.110429811553929,1.2786281831087454
1400,0,benign,benign,1.4022621367349437,5.034423379023748
1401,1,malicious,benign,0.8745534542731354,5.955939465425693
1402,1,malicious,malicious,4.074154498059639,1.2786281831087454
1403,0,benign,benign,3.087545708050589,6.193277717917325
1404,1,malicious,malicious,4.074154498059639,1.2786281831087454
1405,1,malicious,malicious,4.074154498059639,1.2786281831087454
1406,1,malicious,malicious,4.074154498059639,1.2786281831087454
1407,0,benign,benign,3.087545708050589,6.193277717917325
1408,1,malicious,malicious,3.3509719857010185,1.2786281831087454
1409,0,benign,benign,3.6283888365465256,8.164253408901745
1410,0,benign,malicious,2.410218356751791,1.2786281831087454
1411,1,malicious,malicious,3.3509719857010185,1.2786281831087454
1412,0,benign,benign,3.608072695821104,7.601784483187141
1413,1,malicious,malicious,3.3509719857010185,1.2786281831087454
1414,1,malicious,malicious,3.3509719857010185,1.2786281831087454
1415,0,benign,malicious,3.110429811553929,1.2786281831087454
1416,1,malicious,benign,2.5374584702936414,2.664446823735748
1417,1,malicious,benign,3.259714433143969,5.006931910361844
1418,1,malicious,benign,2.870505855281087,3.2007134791065672
1419,1,malicious,malicious,3.2057935247800744,1.2786281831087454
1420,1,malicious,malicious,2.82731727793539,2.4612967718838976
1421,1,malicious,malicious,4.367040667288646,2.4922273655445086
1422,1,malicious,malicious,3.2057935247800744,1.2786281831087454
1423,0,benign,benign,2.2305623902076928,7.2253444692439555
1424,1,malicious,malicious,3.3509719857010185,1.2786281831087454
1425,0,benign,benign,1.0008578877459249,3.3212513599323907
1426,1,malicious,malicious,4.074154498059639,1.2786281831087454
1427,1,malicious,benign,2.5128234496248574,3.1321712261069794
1428,1,malicious,malicious,3.2057935247800744,1.2786281831087454
1429,1,malicious,benign,3.3474838052418967,4.222577991760264
1430,0,benign,benign,2.5128390669925897,3.28561747427974
1431,1,malicious,benign,2.575668817631966,3.2502748380281625
1432,1,malicious,malicious,3.3509719857010185,1.2786281831087454
1433,1,malicious,malicious,3.2057935247800744,1.2786281831087454
1434,1,malicious,malicious,3.2057935247800744,1.2786281831087454
1435,0,benign,benign,1.5709296939052888,4.60498121125415
1436,0,benign,benign,1.376075946217985,3.74659302363231
1437,1,malicious,benign,2.3040570120217647,2.6519324422739574
1438,1,malicious,benign,2.873576013033748,3.637870965507382
1439,1,malicious,malicious,3.3509719857010185,1.2786281831087454
1440,1,malicious,malicious,3.3509719857010185,1.2786281831087454
1441,1,malicious,benign,2.461557260066402,4.407087674691559
1442,1,malicious,malicious,2.913920019618972,1.2786281831087454
1443,0,benign,malicious,3.110429811553929,1.2786281831087454
1444,0,benign,benign,1.4258126379715432,5.000363913443128
1445,0,benign,benign,1.5588507282178685,3.9978977735373595
1446,1,malicious,benign,2.9506524137142183,5.59997217124892
1447,0,benign,benign,2.0937283105737494,5.680951662453302
1448,1,malicious,malicious,10.021548401934357,2.734522998436254
1449,0,benign,malicious,2.476037234686813,1.2786281831087454
1450,1,malicious,malicious,3.3509719857010185,1.2786281831087454
1451,1,malicious,malicious,4.019026051149483,1.2786281831087454
1452,0,benign,benign,2.5375359633475147,2.955351638074545
1453,0,benign,benign,3.6283888365465256,8.16086052579399
1454,1,malicious,benign,2.3420286673910358,3.2125868877839237
1455,0,benign,benign,1.1736010031638808,3.8516258939375447
1456,1,malicious,benign,2.851490873572237,2.8691712938323013
1457,1,malicious,malicious,3.9678675771573273,1.2786281831087454
1458,1,malicious,benign,2.0138523245877153,5.783997143892027
1459,0,benign,benign,2.4888464837675808,2.843523305184383
1460,1,malicious,benign,1.000210731962747,5.311186880856515
1461,1,malicious,malicious,4.074154498059639,1.2786281831087454
1462,0,benign,benign,1.5588507282178685,4.135522158041247
1463,0,benign,benign,2.3929399475735083,3.392351126022469
1464,1,malicious,benign,1.7597075021547792,5.575400783232563
1465,1,malicious,malicious,3.3509719857010185,1.2786281831087454
1466,1,malicious,malicious,3.2057935247800744,1.2786281831087454
1467,1,malicious,malicious,3.3509719857010185,1.2786281831087454
1468,0,benign,benign,1.3376437064577444,4.855527914511218
1469,0,benign,benign,3.4117338772286825,8.123514322689582
1470,1,malicious,malicious,4.741316227875441,3.020549607946145
1471,1,malicious,malicious,3.3509719857010185,1.2786281831087454
1472,0,benign,benign,2.5127639300484024,3.1340625986825006
1473,1,malicious,benign,2.82731727793539,5.116168698412133
1474,1,malicious,malicious,3.110429811553929,1.2786281831087454
1475,1,malicious,malicious,4.074154498059639,1.2786281831087454
1476,1,malicious,malicious,4.074154498059639,1.2786281831087454
1477,1,malicious,benign,2.82731727793539,3.190633919276329
1478,0,benign,malicious,2.476037234686813,1.2786281831087454
1479,1,malicious,malicious,3.3509719857010185,1.2786281831087454
1480,1,malicious,malicious,3.3509719857010185,1.2786281831087454
1481,1,malicious,malicious,3.3509719857010185,1.2786281831087454
1482,1,malicious,malicious,3.3509719857010185,1.2786281831087454
1483,1,malicious,malicious,3.3509719857010185,1.2786281831087454
1484,0,benign,benign,1.51194591284045,5.89700239386415
1485,1,malicious,malicious,3.2057935247800744,1.2786281831087454
1486,0,benign,benign,1.612304183712267,4.476660586364481
1487,0,benign,benign,1.4278669035604141,4.160718727616754
1488,1,malicious,malicious,3.3509719857010185,1.2786281831087454
1489,1,malicious,benign,0.9612067577530194,4.154845728168442
1490,0,benign,benign,2.500628918591757,2.9279957181995173
1491,1,malicious,benign,2.375517107732916,3.2987181094601485
1492,0,benign,benign,0.8991615244150801,4.590445466045404
1493,0,benign,malicious,2.6278127479967592,2.5745364902066568
1494,1,malicious,malicious,2.7613927546106805,2.7186034253684537
1495,1,malicious,malicious,3.2057935247800744,1.2786281831087454
1496,1,malicious,malicious,3.3509719857010185,1.2786281831087454
1497,1,malicious,malicious,3.3509719857010185,1.2786281831087454
1498,1,malicious,malicious,2.477152091029872,1.2786281831087454
1499,1,malicious,malicious,3.2057935247800744,1.2786281831087454
1500,1,malicious,malicious,3.3509719857010185,1.2786281831087454
1501,1,malicious,malicious,3.3509719857010185,1.2786281831087454
1502,0,benign,benign,1.4241788116969987,3.6155821976802245
1503,0,benign,benign,2.4731865457993494,4.22233361131604
1504,0,benign,benign,1.2614089444515464,5.014039686788747
1505,0,benign,benign,1.4354729378254434,5.405130023084178
1506,0,benign,benign,1.3749661946149438,3.1912047535141426
1507,1,malicious,malicious,3.3509719857010185,1.2786281831087454
1508,1,malicious,benign,3.499336122168864,5.225166666022259
1509,1,malicious,malicious,4.074154498059639,1.2786281831087454
1510,1,malicious,malicious,3.2057935247800744,1.2786281831087454
1511,0,benign,benign,1.4551946147939099,3.2011407622315566
1512,0,benign,benign,3.4117338772286825,8.122637671119643
1513,0,benign,benign,1.3842094454965883,3.604979744110258
1514,1,malicious,malicious,4.074154498059639,1.2786281831087454
1515,0,benign,benign,3.4117338772286825,8.123514322689582
1516,1,malicious,malicious,3.3509719857010185,1.2786281831087454
1517,0,benign,benign,1.5588507282178685,7.2871243038306925
1518,0,benign,benign,3.4117338772286825,7.746527245513407
1519,0,benign,benign,2.5374584702936414,2.9879899803962147
1520,0,benign,benign,1.4367386168013614,3.1678147412702824
1521,1,malicious,malicious,3.3509719857010185,1.2786281831087454
1522,1,malicious,malicious,4.074154498059639,1.2786281831087454
1523,0,benign,benign,2.2174633351632944,3.520685500627217
1524,1,malicious,malicious,4.074154498059639,1.2786281831087454
1525,0,benign,benign,1.8537142118844074,4.678382320067834
1526,1,malicious,benign,2.82731727793539,3.056890110848142
1527,0,benign,malicious,3.2222957608428575,1.2786281831087454
1528,1,malicious,malicious,2.82731727793539,2.4811499976021567
1529,1,malicious,malicious,3.3509719857010185,1.2786281831087454
1530,0,benign,benign,1.5588507282178685,4.195419665561123
1531,1,malicious,malicious,3.3509719857010185,1.2786281831087454
1532,1,malicious,malicious,3.3509719857010185,1.2786281831087454
1533,1,malicious,malicious,4.074154498059639,1.2786281831087454
1534,0,benign,benign,2.0937283105737494,5.831554791572167
1535,1,malicious,malicious,9.101829539682637,2.734522998436254
1536,0,benign,benign,3.252635695568999,7.267720721031458
1537,1,malicious,benign,1.476498252291518,5.1122989989563905
1538,1,malicious,benign,2.969734538578853,3.9139412459399283
1539,0,benign,benign,3.252635695568999,7.562168211999035
1540,1,malicious,malicious,2.9616348427417134,1.2581814166688965
1541,1,malicious,benign,1.8930597554865112,5.276986047619788
1542,1,malicious,benign,3.4456143142411864,6.724117853197327
1543,1,malicious,malicious,2.9616348427417134,1.2581814166688965
1544,1,malicious,malicious,2.9616348427417134,1.2581814166688965
1545,1,malicious,malicious,2.8470157137215915,1.2581814166688965
1546,1,malicious,benign,1.2982086223237344,7.125664425111776
1547,1,malicious,malicious,2.9616348427417134,1.2581814166688965
1548,0,benign,benign,2.4483056207604994,7.251066788319091
1549,0,benign,benign,1.7629753815593396,5.753620834208495
1550,1,malicious,malicious,3.9949760341949947,2.630579264954713
1551,1,malicious,benign,1.3302468364125937,5.624234993695498
1552,0,benign,benign,1.6602981293460481,5.484552348572021
1553,1,malicious,benign,2.3874350652839533,3.392328207793626
1554,1,malicious,malicious,4.029019126263228,1.2581814166688965
1555,1,malicious,malicious,3.9590236854245275,1.2581814166688965
1556,1,malicious,malicious,2.9616348427417134,1.2581814166688965
1557,0,benign,benign,2.4167060459403755,3.488461123628985
1558,1,malicious,malicious,3.9590236854245275,1.2581814166688965
1559,1,malicious,benign,2.76777371667887,6.707197024699724
1560,0,benign,malicious,2.6051221989845144,1.2581814166688965
1561,0,benign,benign,1.293159294966115,4.72076889045136
1562,1,malicious,malicious,2.9616348427417134,1.2581814166688965
1563,1,malicious,malicious,3.1308062264881964,1.2581814166688965
1564,1,malicious,benign,2.742447509545056,6.0283438641258895
1565,0,benign,benign,1.6578567571202276,3.381166934977554
1566,1,malicious,malicious,2.9616348427417134,1.2581814166688965
1567,1,malicious,malicious,3.1308062264881964,1.2581814166688965
1568,1,malicious,malicious,10.265997800219704,2.3594922017268436
1569,0,benign,benign,1.374903104705973,7.883224920184328
1570,0,benign,benign,1.6040724031562492,4.874274599042459
1571,0,benign,benign,1.6328725967130975,5.586691375194524
1572,1,malicious,malicious,3.9940644033808983,1.2581814166688965
1573,0,benign,benign,3.268346037278914,6.435091332637406
1574,1,malicious,malicious,2.9616348427417134,1.2581814166688965
1575,0,benign,benign,1.7629753815593396,5.179294645683955
1576,1,malicious,malicious,2.9616348427417134,1.2581814166688965
1577,0,benign,malicious,2.3532460733350646,1.2581814166688965
1578,1,malicious,benign,1.9737121225746748,3.610327259408697
1579,1,malicious,benign,3.364282849352812,3.487217585121675
1580,1,malicious,malicious,2.9616348427417134,1.2581814166688965
1581,0,benign,benign,1.6666973499266542,7.765801246680251
1582,1,malicious,benign,2.4555044267578294,6.069174047800667
1583,1,malicious,malicious,2.9616348427417134,1.2581814166688965
1584,1,malicious,malicious,3.9590236854245275,1.2581814166688965
1585,1,malicious,malicious,2.666059351882611,1.2581814166688965
1586,1,malicious,benign,2.208692992786359,5.430612560127686
1587,1,malicious,benign,1.9745482242424848,5.402474048425262
1588,0,benign,benign,1.4892334903172744,5.36724708092996
1589,1,malicious,benign,3.2182719180414012,8.713468943410156
1590,0,benign,benign,2.8773039887524012,6.685539003367303
1591,0,benign,benign,1.7398175896829853,5.287815778831394
1592,1,malicious,malicious,3.1308062264881964,1.2581814166688965
1593,0,benign,benign,1.9750036411998486,4.536206892794841
1594,0,benign,benign,1.2826617009966483,4.909367438542185
1595,0,benign,benign,3.252635695568999,7.562168211999035
1596,0,benign,benign,1.6374180941542429,4.633095985809883
1597,1,malicious,benign,2.967396800698717,6.587905070131292
1598,1,malicious,malicious,3.7575203421252374,1.2581814166688965
1599,1,malicious,malicious,2.9616348427417134,1.2581814166688965
1600,0,benign,benign,2.72512682854266,2.820097992104499
1601,1,malicious,malicious,3.0179392802736484,1.2581814166688965
1602,1,malicious,malicious,3.0179392802736484,1.2581814166688965
1603,1,malicious,malicious,3.9590236854245275,1.2581814166688965
1604,1,malicious,malicious,2.9616348427417134,1.2581814166688965
1605,1,malicious,malicious,3.9590236854245275,1.2581814166688965
1606,1,malicious,benign,2.530814205200212,5.031823031831342
1607,0,benign,benign,3.252635695568999,7.562168211999035
1608,1,malicious,benign,1.1834412669063232,5.869688198249656
1609,0,benign,benign,1.9573267495635331,5.0472887468342
1610,0,benign,benign,2.8773039887524012,3.7619357471024317
1611,1,malicious,benign,2.3299753320738685,3.6150003365624266
1612,1,malicious,benign,2.761556351266558,5.596297454345353
1613,1,malicious,malicious,2.9616348427417134,1.2581814166688965
1614,1,malicious,benign,2.382349807569114,4.693418043893783
1615,0,benign,benign,2.2685302969913197,3.873804793614583
1616,1,malicious,malicious,2.909448766195209,1.2581814166688965
1617,1,malicious,malicious,2.9616348427417134,1.2581814166688965
1618,1,malicious,malicious,2.9616348427417134,1.2581814166688965
1619,1,malicious,malicious,3.1308062264881964,1.2581814166688965
1620,0,benign,malicious,3.0179392802736484,1.2581814166688965
1621,0,benign,benign,3.6156530500013964,7.415143800648231
1622,1,malicious,benign,2.2226530448043835,4.042043620296285
1623,1,malicious,benign,2.5406458930130036,4.35877150497592
1624,1,malicious,malicious,2.820991382307213,1.2581814166688965
1625,0,benign,benign,1.7629753815593396,3.7993559559066936
1626,1,malicious,malicious,2.666059351882611,1.2581814166688965
1627,1,malicious,malicious,2.9616348427417134,1.2581814166688965
1628,1,malicious,benign,3.2182719180414012,6.59316416215661
1629,1,malicious,malicious,2.9616348427417134,1.2581814166688965
1630,1,malicious,benign,1.7138362247316064,3.7711331445258356
1631,1,malicious,benign,2.382818379305074,3.4332840290881697
1632,0,benign,benign,3.252635695568999,7.267720721031458
1633,0,benign,benign,1.696775021253195,3.7612393016507304
1634,1,malicious,benign,2.4211448028593914,4.341960304794764
1635,1,malicious,malicious,3.1308062264881964,1.2581814166688965
1636,0,benign,malicious,3.0179392802736484,1.2581814166688965
1637,1,malicious,malicious,2.9616348427417134,1.2581814166688965
1638,0,benign,benign,2.051237373855001,6.282939217728204
1639,0,benign,benign,1.5243815569411054,5.467733484916476
1640,0,benign,benign,1.9677627064396215,4.386340840501239
1641,1,malicious,malicious,3.1308062264881964,1.2581814166688965
1642,0,benign,benign,1.6578567571202276,4.776178797069539
1643,0,benign,benign,1.659523566540217,6.327423072451966
1644,1,malicious,benign,1.9591180392925658,3.102439839899731
1645,0,benign,benign,1.7398175896829853,3.7626664812922104
1646,1,malicious,benign,1.2766094732432092,4.836257073137017
1647,1,malicious,malicious,2.9616348427417134,1.2581814166688965
1648,1,malicious,malicious,2.666059351882611,1.2581814166688965
1649,1,malicious,malicious,2.9616348427417134,1.2581814166688965
1650,0,benign,benign,1.9581165728475154,2.4129452555842175
1651,1,malicious,malicious,2.9616348427417134,1.2581814166688965
1652,0,benign,benign,1.9797796809557708,3.8238072325794676
1653,1,malicious,malicious,3.9590236854245275,1.2581814166688965
1654,1,malicious,malicious,3.9590236854245275,1.2581814166688965
1655,1,malicious,malicious,2.536910446904429,1.2581814166688965
1656,1,malicious,benign,1.7998080761187352,3.8615443511851617
1657,1,malicious,malicious,2.9616348427417134,1.2581814166688965
1658,1,malicious,malicious,2.9616348427417134,1.2581814166688965
1659,0,benign,benign,1.747296352103167,5.42582466928706
1660,0,benign,malicious,2.8470157137215915,1.2581814166688965
1661,1,malicious,malicious,2.35786709904829,1.2581814166688965
1662,0,benign,benign,1.6602981293460481,3.6706050952408997
1663,0,benign,benign,2.3478847084123373,5.3892994149225375
1664,1,malicious,malicious,3.9590236854245275,1.2581814166688965
1665,1,malicious,malicious,2.9616348427417134,1.2581814166688965
1666,1,malicious,malicious,3.1308062264881964,1.2581814166688965
1667,1,malicious,malicious,3.9590236854245275,1.2581814166688965
1668,1,malicious,benign,1.1486476756391644,5.355888326138254
1669,0,benign,benign,1.942632733644182,3.2394183415248587
1670,1,malicious,benign,2.433303048482664,5.886146847284206
1671,1,malicious,malicious,2.9616348427417134,1.2581814166688965
1672,1,malicious,benign,2.412971132265901,5.824493478080916
1673,0,benign,benign,1.6499428623069539,4.090726499349657
1674,1,malicious,benign,2.6169439881386656,5.89528286516105
1675,0,benign,benign,1.6075422546554814,4.245061157688358
1676,1,malicious,malicious,2.9616348427417134,1.2581814166688965
1677,1,malicious,benign,2.521491074255498,2.8639558525803563
1678,1,malicious,malicious,3.1308062264881964,1.2581814166688965
1679,1,malicious,malicious,3.9590236854245275,1.2581814166688965
1680,1,malicious,malicious,2.9616348427417134,1.2581814166688965
1681,0,benign,benign,1.4150882107330225,4.572251151569665
1682,0,benign,benign,2.4483056207604994,8.389991027383884
1683,1,malicious,malicious,3.9590236854245275,1.2581814166688965
1684,1,malicious,malicious,2.9616348427417134,1.2581814166688965
1685,0,benign,benign,1.65432376545297,5.014774111269005
1686,1,malicious,malicious,2.666059351882611,1.2581814166688965
1687,0,benign,benign,1.7154540339753956,4.913182377287861
1688,1,malicious,malicious,3.9590236854245275,1.2581814166688965
1689,1,malicious,malicious,4.023975889830664,1.2581814166688965
1690,1,malicious,malicious,2.9616348427417134,1.2581814166688965
1691,1,malicious,malicious,2.9616348427417134,1.2581814166688965
1692,1,malicious,malicious,2.9616348427417134,1.2581814166688965
1693,1,malicious,malicious,2.9616348427417134,1.2581814166688965
1694,1,malicious,malicious,2.9616348427417134,1.2581814166688965
1695,1,malicious,malicious,2.9616348427417134,1.2581814166688965
1696,0,benign,benign,1.873636043858119,2.656461746861471
1697,1,malicious,malicious,3.9590236854245275,1.2581814166688965
1698,1,malicious,benign,2.4555044267578294,3.9566583132948745
1699,1,malicious,malicious,2.9616348427417134,1.2581814166688965
1700,1,malicious,malicious,3.0937185548075212,1.2581814166688965
1701,1,malicious,malicious,2.9616348427417134,1.2581814166688965
1702,1,malicious,benign,3.195762199150659,5.098917594598827
1703,1,malicious,malicious,3.1308062264881964,1.2581814166688965
1704,0,benign,benign,3.252635695568999,7.267720721031458
1705,0,benign,malicious,3.0179392802736484,1.2581814166688965
1706,1,malicious,malicious,2.9616348427417134,1.2581814166688965
1707,0,benign,benign,2.4367809022726803,6.256883561722651
1708,1,malicious,malicious,3.1308062264881964,1.2581814166688965
1709,1,malicious,malicious,2.9616348427417134,1.2581814166688965
1710,1,malicious,malicious,2.9616348427417134,1.2581814166688965
1711,1,malicious,malicious,2.9616348427417134,1.2581814166688965
1712,1,malicious,benign,1.2436551504843054,6.528905924943124
1713,1,malicious,malicious,2.9616348427417134,1.2581814166688965
1714,1,malicious,malicious,2.9616348427417134,1.2581814166688965
1715,1,malicious,malicious,2.9616348427417134,1.2581814166688965
1716,1,malicious,malicious,2.9616348427417134,1.2581814166688965
1717,1,malicious,benign,2.731040537689906,5.167610580131944
1718,1,malicious,malicious,3.1308062264881964,1.2581814166688965
1719,0,benign,benign,1.987389471250427,6.098146330037561
1720,1,malicious,benign,3.770629697444598,7.36394913769658
1721,1,malicious,benign,3.364282849352812,3.8824520441042605
1722,1,malicious,malicious,2.9616348427417134,1.2581814166688965
1723,1,malicious,malicious,2.9616348427417134,1.2581814166688965
1724,0,benign,benign,1.7451293038738231,3.5196433140415184
1725,1,malicious,malicious,2.9616348427417134,1.2581814166688965
1726,1,malicious,benign,2.7498904548412146,3.3170193645276074
1727,0,benign,malicious,3.0179392802736484,1.2581814166688965
1728,1,malicious,malicious,3.1308062264881964,1.2581814166688965
1729,0,benign,benign,1.374903104705973,4.620215358814558
1730,0,benign,malicious,3.0179392802736484,1.2581814166688965
1731,1,malicious,malicious,3.1308062264881964,1.2581814166688965
1732,1,malicious,malicious,2.9616348427417134,1.2581814166688965
1733,1,malicious,benign,1.9410701298834003,2.949216503801294
1734,1,malicious,benign,0.8636625102463525,4.9635763199144485
1735,0,benign,benign,1.801840636818941,3.0999569417363446
1736,1,malicious,benign,2.8340758162247477,4.602070785158549
1737,1,malicious,malicious,3.9590236854245275,1.2581814166688965
1738,0,benign,benign,3.252635695568999,7.562168211999035
1739,1,malicious,malicious,2.9616348427417134,1.2581814166688965
1740,1,malicious,malicious,2.9616348427417134,1.2581814166688965
1741,1,malicious,benign,2.4555044267578294,3.8322903806389643
1742,0,benign,benign,1.8403701523968203,4.237730007917545
1743,1,malicious,malicious,2.9616348427417134,1.2581814166688965
1744,0,benign,benign,1.6405865399987005,5.074659408592286
1745,0,benign,benign,1.2141435827323177,6.657445961205225
1746,1,malicious,malicious,2.9616348427417134,1.2581814166688965
1747,1,malicious,malicious,3.1308062264881964,1.2581814166688965
1748,1,malicious,benign,2.3340176623412527,4.4837276911937245
1749,1,malicious,malicious,2.639771144090726,1.2581814166688965
1750,0,benign,benign,1.7805451972136452,4.302097358449065
1751,1,malicious,malicious,2.9616348427417134,1.2581814166688965
1752,1,malicious,malicious,2.9616348427417134,1.2581814166688965
1753,0,benign,benign,1.7040792395800803,4.8686610521388225
1754,0,benign,benign,1.9410701298834003,3.8521509769413877
1755,1,malicious,malicious,2.9616348427417134,1.2581814166688965
1756,1,malicious,malicious,2.9616348427417134,1.2581814166688965
1757,0,benign,benign,1.6499428623069539,4.4316163104435375
1758,1,malicious,malicious,2.9616348427417134,1.2581814166688965
1759,1,malicious,malicious,3.9590236854245275,1.2581814166688965
1760,1,malicious,benign,1.2141571611645405,4.793502943291994
1761,1,malicious,malicious,2.9616348427417134,1.2581814166688965
1762,1,malicious,malicious,3.1308062264881964,1.2581814166688965
1763,1,malicious,malicious,2.8470157137215915,1.2581814166688965
1764,1,malicious,malicious,2.666059351882611,1.2581814166688965
1765,1,malicious,malicious,2.9616348427417134,1.2581814166688965
1766,1,malicious,malicious,2.9616348427417134,1.2581814166688965
1767,1,malicious,malicious,2.666059351882611,1.2581814166688965
1768,1,malicious,benign,1.9410701298834003,2.657197672520983
1769,1,malicious,malicious,2.9616348427417134,1.2581814166688965
1770,0,benign,benign,1.9259495393554165,4.7955179556493945
1771,1,malicious,malicious,3.1308062264881964,1.2581814166688965
1772,0,benign,benign,2.0547851395847205,5.41077100616081
1773,0,benign,benign,3.6156530500013964,7.747060085406938
1774,0,benign,malicious,3.0179392802736484,1.2581814166688965
1775,0,benign,benign,1.3324895619747466,5.992492678905245
1776,1,malicious,benign,3.625155748393155,6.112682095504449
1777,0,benign,benign,3.252635695568999,7.562168211999035
1778,1,malicious,malicious,3.9590236854245275,1.2581814166688965
1779,1,malicious,benign,4.195794927141259,4.392782316948001
1780,0,benign,benign,1.6040724031562492,4.9127226676508595
1781,1,malicious,benign,2.5659965500612274,3.060550586894135
1782,1,malicious,malicious,2.9616348427417134,1.2581814166688965
1783,0,benign,benign,2.418169860762236,2.868316483660829
1784,1,malicious,malicious,2.9616348427417134,1.2581814166688965
1785,1,malicious,malicious,3.1308062264881964,1.2581814166688965
1786,0,benign,benign,3.2638662181659552,6.435091332637406
1787,0,benign,benign,1.6328725967130975,5.401062964461419
1788,1,malicious,benign,2.586235578274689,2.8075731565368085
1789,1,malicious,malicious,3.0179392802736484,1.2581814166688965
1790,1,malicious,malicious,2.9616348427417134,1.2581814166688965
1791,1,malicious,malicious,3.1308062264881964,1.2581814166688965
1792,0,benign,benign,3.236081096768329,8.783112213615563
1793,1,malicious,benign,1.1924040090511656,3.6821968325906393
1794,1,malicious,malicious,2.9820499918094074,1.2448954009554027
1795,0,benign,malicious,3.2367488637523505,2.2024363928132424
1796,1,malicious,malicious,3.0911752156204106,1.2448954009554027
1797,1,malicious,malicious,3.0911752156204106,1.2448954009554027
1798,1,malicious,benign,2.569581371037818,4.663443060539931
1799,0,benign,malicious,2.9820499918094074,1.2448954009554027
1800,0,benign,benign,2.4951584311321344,4.451429092329619
1801,1,malicious,benign,1.4692584998269955,4.5051816257032264
1802,1,malicious,benign,2.7253865999615847,4.641024760036073
1803,1,malicious,malicious,8.97576533819816,2.0022832844222305
1804,1,malicious,malicious,2.4836895350339514,1.2448954009554027
1805,1,malicious,malicious,3.3083303483368933,1.2448954009554027
1806,0,benign,benign,1.4401772370278076,6.29254362568661
1807,1,malicious,malicious,3.0911752156204106,1.2448954009554027
1808,0,benign,benign,3.236081096768329,8.783112213615563
1809,1,malicious,malicious,3.1299261362052966,1.2448954009554027
1810,1,malicious,malicious,3.0911752156204106,1.2448954009554027
1811,1,malicious,malicious,3.1299261362052966,1.2448954009554027
1812,1,malicious,malicious,3.3083303483368933,1.2448954009554027
1813,0,benign,benign,1.937065219457911,5.0699611515337235
1814,0,benign,benign,1.6358727806039235,5.534800124396148
1815,0,benign,benign,1.7043647641223112,4.704588874289569
1816,1,malicious,malicious,3.3083303483368933,1.2448954009554027
1817,1,malicious,malicious,3.1299261362052966,1.2448954009554027
1818,1,malicious,benign,2.5047189369845557,3.387004145797344
1819,0,benign,benign,1.4443892054653675,4.651484930142335
1820,1,malicious,benign,3.830267876550891,8.664813269373566
1821,0,benign,benign,1.1538671527540518,5.1272881548089835
1822,1,malicious,benign,3.6440851428023424,5.562990992001766
1823,1,malicious,malicious,4.187745040542175,1.2448954009554027
1824,1,malicious,malicious,3.0911752156204106,1.2448954009554027
1825,1,malicious,malicious,4.3192915874843925,1.2448954009554027
1826,0,benign,malicious,4.542559401271865,1.5357626509333535
1827,1,malicious,malicious,3.3083303483368933,1.2448954009554027
1828,1,malicious,benign,2.8903215325688847,4.528715775776862
1829,0,benign,benign,1.5503284797953507,3.9320851547430298
1830,0,benign,benign,1.8955382846685898,4.467979366076306
1831,1,malicious,malicious,2.4641145820038015,2.3280656498298367
1832,0,benign,benign,2.5083847435300117,2.857225341504326
1833,0,benign,benign,1.619295462900476,4.69531651738707
1834,1,malicious,malicious,4.3192915874843925,1.2448954009554027
1835,1,malicious,benign,2.510083327760241,6.02379888169921
1836,0,benign,malicious,4.542559401271865,1.5357626509333535
1837,0,benign,benign,1.6040288720081721,8.49516877323871
1838,1,malicious,malicious,2.525433414906743,2.3018596101839006
1839,0,benign,benign,2.3951516054567614,3.377460516779011
1840,1,malicious,benign,2.8671020368354387,7.261232020680608
1841,0,benign,benign,3.236081096768329,8.783112213615563
1842,1,malicious,malicious,2.9820499918094074,1.2448954009554027
1843,0,benign,benign,3.236081096768329,8.783112213615563
1844,0,benign,benign,1.6040288720081721,7.836902893620939
1845,1,malicious,malicious,3.3083303483368933,1.2448954009554027
1846,1,malicious,malicious,3.0911752156204106,1.2448954009554027
1847,1,malicious,malicious,3.3083303483368933,1.2448954009554027
1848,1,malicious,malicious,3.3083303483368933,1.2448954009554027
1849,0,benign,benign,2.4641145820038015,3.945259390434047
1850,1,malicious,malicious,3.0911752156204106,1.2448954009554027
1851,1,malicious,malicious,4.3192915874843925,1.2448954009554027
1852,1,malicious,benign,3.1802739116002616,5.283492680441588
1853,0,benign,malicious,3.158734308345966,1.2448954009554027
1854,1,malicious,malicious,3.0911752156204106,1.2448954009554027
1855,1,malicious,malicious,3.0911752156204106,1.2448954009554027
1856,1,malicious,benign,3.158433755461446,5.606922551658942
1857,1,malicious,malicious,3.3083303483368933,1.2448954009554027
1858,1,malicious,benign,2.1260015098676806,4.165315549986975
1859,0,benign,benign,1.4588258078901186,7.1732735129172065
1860,1,malicious,malicious,4.3192915874843925,1.2448954009554027
1861,1,malicious,malicious,3.1709602263053562,1.2448954009554027
1862,1,malicious,benign,2.458944053321068,3.7317674104644647
1863,0,benign,benign,1.7671005962976145,3.3373336547277104
1864,0,benign,benign,1.4081673256530527,6.5674452425010195
1865,0,benign,benign,2.020990930499023,5.8503817075102855
1866,0,benign,benign,2.8063958214603324,4.168215460195786
1867,1,malicious,malicious,3.0911752156204106,1.2448954009554027
1868,0,benign,benign,2.064997154875963,4.714544747389189
1869,1,malicious,malicious,3.0911752156204106,1.2448954009554027
1870,1,malicious,malicious,3.0911752156204106,1.2448954009554027
1871,0,benign,benign,1.5543030229495505,4.154023684762691
1872,0,benign,benign,3.236081096768329,8.783112213615563
1873,1,malicious,benign,3.383174939377444,5.103640445271354
1874,0,benign,benign,2.3633921475038093,3.9088280645272313
1875,0,benign,benign,2.4499804121387787,3.1599793305987847
1876,1,malicious,malicious,3.3083303483368933,1.2448954009554027
1877,1,malicious,benign,2.8363839667245774,8.600807090054778
1878,0,benign,benign,1.6453126607104704,4.2397554780503235
1879,1,malicious,benign,2.1765703447521014,3.137092773697453
1880,1,malicious,benign,2.594578168501925,5.092136882432281
1881,1,malicious,malicious,3.0911752156204106,1.2448954009554027
1882,0,benign,benign,1.5543030229495505,3.9846174234972667
1883,1,malicious,benign,1.2147074107516616,4.902339985505288
1884,1,malicious,benign,2.5668166364137135,2.617621551037947
1885,1,malicious,malicious,3.0911752156204106,1.2448954009554027
1886,0,benign,benign,1.6358727806039235,5.595943936249096
1887,1,malicious,malicious,3.3027981260221386,3.0467008265575743
1888,1,malicious,malicious,3.3083303483368933,1.2448954009554027
1889,0,benign,benign,1.4588258078901186,5.832523325912907
1890,0,benign,benign,3.008390310972302,4.486285142211837
1891,1,malicious,malicious,4.404199029849537,1.2448954009554027
1892,1,malicious,malicious,2.3646706209671047,2.292174941258418
1893,0,benign,benign,1.6419946505226661,6.5951757016103825
1894,1,malicious,malicious,2.4083818221973146,1.2448954009554027
1895,1,malicious,malicious,8.082010117842376,2.0022832844222305
1896,1,malicious,malicious,2.9820499918094074,1.2448954009554027
1897,1,malicious,malicious,3.3083303483368933,1.2448954009554027
1898,1,malicious,malicious,3.3083303483368933,1.2448954009554027
1899,0,benign,malicious,2.4083818221973146,1.2448954009554027
1900,0,benign,benign,1.535204813256435,4.297628308161101
1901,1,malicious,benign,2.4316030662843926,3.2925183425015234
1902,0,benign,benign,3.438730823389551,7.420146223207395
1903,1,malicious,benign,2.323206834793102,4.5846122164890595
1904,0,benign,benign,2.032306972950974,4.083101785716679
1905,1,malicious,malicious,3.3083303483368933,1.2448954009554027
1906,0,benign,malicious,2.42518863444223,1.2448954009554027
1907,0,benign,benign,1.442639891484736,6.921231925970778
1908,1,malicious,malicious,4.3192915874843925,1.2448954009554027
1909,1,malicious,malicious,3.0911752156204106,1.2448954009554027
1910,1,malicious,malicious,3.0911752156204106,1.2448954009554027
1911,1,malicious,malicious,3.0911752156204106,1.2448954009554027
1912,1,malicious,benign,3.3567713789828084,7.897627594741952
1913,1,malicious,malicious,3.0911752156204106,1.2448954009554027
1914,1,malicious,malicious,3.3083303483368933,1.2448954009554027
1915,0,benign,benign,1.6040288720081721,4.932609637500281
1916,1,malicious,malicious,3.1299261362052966,1.2448954009554027
1917,1,malicious,benign,2.485852486524287,2.5104067711184603
1918,0,benign,malicious,4.542559401271865,1.5357626509333535
1919,1,malicious,benign,2.006478128067983,4.532593526989229
1920,0,benign,benign,2.8204353737988668,3.1714187174290065
1921,1,malicious,benign,3.100180881475184,5.993620347327829
1922,1,malicious,benign,2.5410907549890376,2.570326500460421
1923,1,malicious,benign,2.142571809445577,2.452225471891328
1924,0,benign,benign,2.214057887622322,6.985195564769116
1925,0,benign,malicious,4.266115152660504,1.5357626509333535
1926,1,malicious,malicious,3.0911752156204106,1.2448954009554027
1927,1,malicious,malicious,4.3192915874843925,1.2448954009554027
1928,0,benign,benign,1.519640663495706,6.252319378808082
1929,1,malicious,malicious,4.3192915874843925,1.2448954009554027
1930,1,malicious,malicious,3.0911752156204106,1.2448954009554027
1931,0,benign,benign,2.4353525119193016,3.3741901831394636
1932,0,benign,benign,1.6159666976811782,5.406888925577638
1933,1,malicious,malicious,4.3192915874843925,1.2448954009554027
1934,1,malicious,benign,3.279029699304275,4.735911322918886
1935,1,malicious,benign,2.765086821404464,3.3904280840105354
1936,0,benign,benign,1.6536004790830678,6.526609796501772
1937,0,benign,benign,3.236081096768329,8.783112213615563
1938,1,malicious,malicious,3.0911752156204106,1.2448954009554027
1939,1,malicious,malicious,3.0911752156204106,1.2448954009554027
1940,0,benign,benign,1.4677288050104689,8.158801444805166
1941,1,malicious,malicious,3.0911752156204106,1.2448954009554027
1942,1,malicious,malicious,4.3192915874843925,1.2448954009554027
1943,1,malicious,malicious,4.3192915874843925,1.2448954009554027
1944,0,benign,benign,1.6452622714823717,3.39312850342325
1945,0,benign,benign,1.6358727806039235,5.282595007472503
1946,0,benign,benign,2.5497375492879937,3.4393358396152607
1947,0,benign,benign,1.158398079678689,4.452218452387797
1948,0,benign,benign,2.9608986711748013,3.4369434408095976
1949,1,malicious,benign,2.601850693710662,4.601660778407453
1950,1,malicious,benign,3.5817110575519595,5.62338184343987
1951,1,malicious,malicious,3.0911752156204106,1.2448954009554027
1952,0,benign,benign,1.7043647641223112,4.241542583526723
1953,0,benign,benign,1.4196124687621228,5.5635458083987475
1954,1,malicious,malicious,3.0911752156204106,1.2448954009554027
1955,0,benign,benign,1.596798219823468,3.5145119533068967
1956,1,malicious,malicious,3.3083303483368933,1.2448954009554027
1957,0,benign,benign,1.5812700069833139,4.079785935362995
1958,0,benign,benign,1.519641848874874,4.279959294905107
1959,0,benign,benign,2.2897519492405887,3.847037819857298
1960,0,benign,benign,1.5812700069833139,4.215008422581089
1961,0,benign,benign,1.6276854921913908,5.470529851789691
1962,0,benign,benign,3.236081096768329,8.783112213615563
1963,1,malicious,malicious,3.3083303483368933,1.2448954009554027
1964,1,malicious,malicious,3.0911752156204106,1.2448954009554027
1965,1,malicious,malicious,2.48056855033059,1.2448954009554027
1966,1,malicious,malicious,3.0911752156204106,1.2448954009554027
1967,1,malicious,malicious,4.3192915874843925,1.2448954009554027
1968,0,benign,benign,2.214057887622322,5.280314064907743
1969,0,benign,malicious,2.4255291274628012,1.2448954009554027
1970,1,malicious,benign,3.6691798690649997,4.424426795564404
1971,0,benign,benign,1.4588258078901186,5.834744279226262
1972,1,malicious,benign,1.427088883584617,4.732641284012571
1973,1,malicious,benign,2.5410907549890376,2.914636364666748
1974,1,malicious,malicious,3.3083303483368933,1.2448954009554027
1975,1,malicious,benign,2.307115381611647,3.446964679429619
1976,1,malicious,malicious,2.4423121158869763,1.2448954009554027
1977,1,malicious,malicious,3.0911752156204106,1.2448954009554027
1978,1,malicious,malicious,3.0911752156204106,1.2448954009554027
1979,1,malicious,malicious,3.0911752156204106,1.2448954009554027
1980,1,malicious,malicious,3.0911752156204106,1.2448954009554027
1981,1,malicious,benign,2.4558721544380346,6.316646050622695
1982,1,malicious,malicious,3.0911752156204106,1.2448954009554027
1983,1,malicious,malicious,3.0911752156204106,1.2448954009554027
1984,1,malicious,benign,2.6922770402888845,5.804517767221766
1985,1,malicious,benign,2.6170814346050046,4.439979352014623
1986,0,benign,benign,2.3088100825097713,3.126611862135688
1987,0,benign,benign,2.214057887622322,6.91769632005604
1988,1,malicious,malicious,3.0911752156204106,1.2448954009554027
1989,0,benign,benign,3.1297702582101166,6.509609064938589
1990,1,malicious,benign,2.4499804121387787,2.7634098959394287
1991,1,malicious,malicious,3.0911752156204106,1.2448954009554027
1992,0,benign,benign,1.7092905754113021,5.456585863077
1993,1,malicious,malicious,3.3083303483368933,1.2448954009554027
1994,1,malicious,malicious,3.3083303483368933,1.2448954009554027
1995,1,malicious,benign,2.583766866647465,7.191913015783042
1996,0,benign,benign,1.4379602488773682,3.13296014174829
1997,0,benign,benign,3.236081096768329,8.783112213615563
1998,1,malicious,malicious,3.0911752156204106,1.2448954009554027
1999,1,malicious,malicious,2.5082412973368946,1.2448954009554027
2000,1,malicious,malicious,3.3083303483368933,1.2448954009554027
2001,0,benign,benign,3.236081096768329,8.783112213615563
2002,1,malicious,malicious,3.0911752156204106,1.2448954009554027
2003,1,malicious,benign,2.6135323941699253,3.942391730301879
2004,0,benign,benign,1.9822833441863439,3.4509514484501627
2005,1,malicious,benign,2.9120973836625583,4.2839449008366435
2006,0,benign,malicious,2.4811452715705946,1.2448954009554027
2007,1,malicious,malicious,3.0911752156204106,1.2448954009554027
2008,1,malicious,malicious,3.0911752156204106,1.2448954009554027
2009,0,benign,benign,2.390815087326267,4.317366570124324
2010,1,malicious,benign,2.2897519492405887,5.2781786636681485
2011,1,malicious,malicious,3.3083303483368933,1.2448954009554027
2012,1,malicious,malicious,3.0911752156204106,1.2448954009554027
2013,1,malicious,malicious,3.0911752156204106,1.2448954009554027
2014,1,malicious,benign,2.5410907549890376,3.7512506719970564
2015,1,malicious,malicious,3.0911752156204106,1.2448954009554027
2016,0,benign,malicious,2.4083818221973146,1.2448954009554027
2017,1,malicious,benign,2.4643262999407676,3.7374959473833003
2018,1,malicious,malicious,3.593082409868042,2.4178057935398427
2019,1,malicious,malicious,3.0911752156204106,1.2448954009554027
2020,1,malicious,malicious,3.0911752156204106,1.2448954009554027
2021,1,malicious,malicious,3.6311039909374894,1.2448954009554027
2022,0,benign,benign,3.236081096768329,8.783112213615563
2023,0,benign,malicious,2.701250370599346,1.2448954009554027
2024,1,malicious,malicious,4.3192915874843925,1.2448954009554027
2025,0,benign,benign,1.6040288720081721,5.731121648951765
2026,1,malicious,malicious,4.3192915874843925,1.2448954009554027
2027,0,benign,benign,1.2415640007750504,6.900049868829018
2028,0,benign,benign,2.4499449457246487,4.82390988413298
2029,0,benign,benign,1.4588258078901186,5.5338496902507135
2030,1,malicious,malicious,3.0911752156204106,1.2448954009554027
2031,0,benign,benign,2.390815087326267,4.617605249212615
2032,0,benign,benign,2.137689194854523,6.192478684738797
2033,1,malicious,malicious,3.3083303483368933,1.2448954009554027
2034,1,malicious,malicious,3.3083303483368933,1.2448954009554027
2035,1,malicious,malicious,3.0911752156204106,1.2448954009554027
2036,1,malicious,benign,1.1351759925098452,5.10275941046291
2037,1,malicious,benign,3.477385269795946,4.250517473643851
2038,1,malicious,malicious,3.3083303483368933,1.2448954009554027
2039,1,malicious,benign,2.381047824828614,3.7123643976864455
2040,0,benign,benign,1.2019090463472542,4.2135243022469675
2041,0,benign,benign,3.1297702582101166,6.509609064938589
2042,1,malicious,malicious,3.0911752156204106,1.2448954009554027
2043,1,malicious,malicious,3.0911752156204106,1.2448954009554027
2044,1,malicious,malicious,3.0911752156204106,1.2448954009554027
2045,1,malicious,benign,2.274184961290489,5.8068991411290805
2046,1,malicious,malicious,4.3192915874843925,1.2448954009554027
2047,1,malicious,malicious,3.0911752156204106,1.2448954009554027
2048,0,benign,benign,2.148286736148842,2.848991777955254
2049,1,malicious,malicious,3.1646120945331275,1.3062532726990992
2050,1,malicious,malicious,3.1646120945331275,1.3062532726990992
2051,0,benign,benign,1.7525816440169137,5.565291995407028
2052,0,benign,benign,3.4364931494418105,4.282109944800146
2053,0,benign,benign,1.683943392267586,4.4518056804218045
2054,1,malicious,malicious,3.5618074078776174,1.3062532726990992
2055,0,benign,benign,2.3115376708599613,2.5707223729659985
2056,0,benign,benign,2.350458282728602,2.818573325483899
2057,1,malicious,malicious,3.039170695413056,1.3062532726990992
2058,1,malicious,malicious,3.1646120945331275,1.3062532726990992
2059,1,malicious,malicious,3.1646120945331275,1.3062532726990992
2060,1,malicious,benign,4.34828584785792,6.317791624277692
2061,0,benign,benign,1.7613584564022595,4.84925822645058
2062,1,malicious,benign,3.777567183711578,5.209523123552783
2063,1,malicious,malicious,3.039170695413056,1.3062532726990992
2064,1,malicious,benign,2.15624682478557,3.347801531186402
2065,0,benign,benign,1.808009322973126,5.254450509261945
2066,0,benign,benign,2.15624682478557,3.013559025777867
2067,1,malicious,malicious,3.4356361944657,1.3062532726990992
2068,1,malicious,malicious,3.1646120945331275,1.3062532726990992
2069,1,malicious,malicious,3.5618074078776174,1.3062532726990992
2070,1,malicious,benign,1.5276875785914448,4.137587767192378
2071,1,malicious,malicious,3.1646120945331275,1.3062532726990992
2072,1,malicious,malicious,3.1646120945331275,1.3062532726990992
2073,0,benign,benign,1.8121523762648541,6.014005065200899
2074,0,benign,benign,1.6855511916221844,5.611440774330642
2075,0,benign,benign,1.623528724232854,4.838544649558768
2076,0,benign,benign,3.2746389337670596,7.722198411586973
2077,0,benign,benign,2.8271950482406645,7.470845369010533
2078,1,malicious,benign,2.974886198820909,4.452248685380599
2079,1,malicious,malicious,3.5618074078776174,1.3062532726990992
2080,0,benign,benign,1.3208423566347693,5.291253697383967
2081,1,malicious,benign,3.1130602749525145,3.589709800769028
2082,1,malicious,benign,2.275737470693197,4.104008760211669
2083,1,malicious,malicious,3.1646120945331275,1.3062532726990992
2084,0,benign,benign,1.7525816440169137,5.197394111829944
2085,1,malicious,malicious,3.1646120945331275,1.3062532726990992
2086,1,malicious,benign,2.266337550161468,4.118333558245146
2087,1,malicious,malicious,3.1646120945331275,1.3062532726990992
2088,1,malicious,malicious,3.5618074078776174,1.3062532726990992
2089,0,benign,benign,3.0676888069349277,6.109196587866454
2090,1,malicious,benign,4.224966836777657,5.0629332046196245
2091,1,malicious,malicious,3.1646120945331275,1.3062532726990992
2092,0,benign,benign,2.0292256089560716,5.348584234703876
2093,1,malicious,malicious,3.1646120945331275,1.3062532726990992
2094,1,malicious,malicious,4.182553103240805,1.3062532726990992
2095,0,benign,benign,2.3514565843082496,2.847106566551912
2096,1,malicious,benign,0.9344431552431218,5.79154727706045
2097,1,malicious,benign,2.1835387265243096,2.950096674821456
2098,1,malicious,benign,2.2797272686570373,2.8606191439675204
2099,1,malicious,malicious,3.2622319416544503,2.2564171292108144
2100,0,benign,benign,1.808009322973126,6.193659052171789
2101,1,malicious,malicious,3.1646120945331275,1.3062532726990992
2102,0,benign,benign,1.7525816440169137,4.937123413097737
2103,1,malicious,malicious,3.1646120945331275,1.3062532726990992
2104,1,malicious,malicious,3.0074913827825265,1.3062532726990992
2105,1,malicious,malicious,3.0074913827825265,1.3062532726990992
2106,1,malicious,malicious,3.5618074078776174,1.3062532726990992
2107,0,benign,benign,1.5795019800669639,7.2684783266384585
2108,1,malicious,malicious,3.5618074078776174,1.3062532726990992
2109,0,benign,benign,2.9828810328811173,7.470845369010533
2110,0,benign,benign,1.7299696513241811,4.552411767010616
2111,1,malicious,malicious,3.632777390087581,3.304549092290617
2112,1,malicious,malicious,4.009597076006898,3.6166658856615586
2113,0,benign,benign,1.7886065517700478,3.9682985759946643
2114,0,benign,benign,3.244953602502954,7.3650464498785535
2115,0,benign,benign,1.6659650798917023,5.173722967023812
2116,0,benign,benign,1.808009322973126,4.856030726856071
2117,0,benign,benign,2.3115376708599613,3.9394713800807
2118,1,malicious,benign,2.292110548673232,6.24726203651435
2119,1,malicious,malicious,3.0121579087296464,2.8056121001198115
2120,1,malicious,malicious,3.1646120945331275,1.3062532726990992
2121,0,benign,benign,1.8121523762648541,5.9973324525975595
2122,0,benign,benign,1.174652595788632,4.332204660153384
2123,0,benign,benign,2.9828810328811173,7.470845369010533
2124,1,malicious,malicious,3.1646120945331275,1.3062532726990992
2125,1,malicious,malicious,3.039170695413056,1.3062532726990992
2126,1,malicious,malicious,3.1646120945331275,1.3062532726990992
2127,1,malicious,malicious,3.039170695413056,1.3062532726990992
2128,0,benign,benign,2.005762192127352,4.80010585780435
2129,1,malicious,benign,2.2601149217150196,3.6173309158959963
2130,0,benign,benign,3.0676888069349277,6.109196587866454
2131,1,malicious,malicious,3.1646120945331275,1.3062532726990992
2132,1,malicious,malicious,4.030758699909955,2.8782161521232936
2133,0,benign,benign,1.5962100415087643,5.411003100907799
2134,1,malicious,benign,2.1467793039979823,3.4337835984350136
2135,0,benign,benign,1.9371435807996817,3.8587033992826485
2136,0,benign,benign,1.5823293758451362,7.703604334201394
2137,1,malicious,benign,2.2136042078438303,4.547640956104733
2138,1,malicious,malicious,3.1646120945331275,1.3062532726990992
2139,1,malicious,malicious,3.5618074078776174,1.3062532726990992
2140,1,malicious,benign,3.386262384897,4.681758130651886
2141,1,malicious,malicious,3.1646120945331275,1.3062532726990992
2142,1,malicious,malicious,3.3598155441477546,2.768638757441378
2143,1,malicious,malicious,3.0257582248438366,2.3449709974504547
2144,1,malicious,malicious,3.215557724491077,1.3062532726990992
2145,0,benign,benign,1.7081855052449344,4.406811619574473
2146,1,malicious,malicious,3.5618074078776174,1.3062532726990992
2147,0,benign,benign,2.2832741428350722,2.604253847676901
2148,1,malicious,malicious,3.5618074078776174,1.3062532726990992
2149,0,benign,benign,1.6644463405716576,3.2060922160197753
2150,0,benign,benign,2.9828810328811173,7.470845369010533
2151,0,benign,benign,1.6785534884381674,6.10997334616407
2152,1,malicious,benign,2.2797272686570373,2.7267291939956566
2153,0,benign,benign,1.6226506630414474,4.414312238186222
2154,1,malicious,malicious,3.1646120945331275,1.3062532726990992
2155,1,malicious,benign,2.2797272686570373,4.352238152575561
2156,1,malicious,malicious,3.215557724491077,1.3062532726990992
2157,1,malicious,malicious,3.1646120945331275,1.3062532726990992
2158,0,benign,benign,1.2698269207291273,4.745437202462972
2159,1,malicious,malicious,3.1646120945331275,1.3062532726990992
2160,1,malicious,malicious,3.1646120945331275,1.3062532726990992
2161,1,malicious,benign,2.2797272686570373,2.9301045789669997
2162,1,malicious,malicious,3.1646120945331275,1.3062532726990992
2163,1,malicious,malicious,3.1646120945331275,1.3062532726990992
2164,1,malicious,benign,2.2136042078438303,2.3225036072003524
2165,0,benign,benign,1.7316038426593077,3.4093128874029395
2166,0,benign,benign,1.7886065517700478,4.605997290455964
2167,1,malicious,benign,2.2338669479443185,2.7501423740708217
2168,0,benign,benign,2.275737470693197,3.46542521982573
2169,1,malicious,malicious,3.1646120945331275,1.3062532726990992
2170,1,malicious,malicious,3.3130431294127325,1.3062532726990992
2171,0,benign,benign,1.5116214255456604,5.478286327741898
2172,0,benign,benign,2.9828810328811173,7.470845369010533
2173,1,malicious,benign,2.3915608376478046,2.862942671530318
2174,0,benign,benign,1.808009322973126,5.60673206662957
2175,1,malicious,malicious,3.039170695413056,1.3062532726990992
2176,1,malicious,malicious,3.1646120945331275,1.3062532726990992
2177,0,benign,benign,1.808009322973126,3.399859095014925
2178,1,malicious,benign,1.489170179245712,6.276375613259152
2179,1,malicious,malicious,3.1646120945331275,1.3062532726990992
2180,0,benign,benign,1.6855511916221844,3.570054014833354
2181,0,benign,benign,3.1502197536074066,7.555700301087584
2182,1,malicious,malicious,3.1646120945331275,1.3062532726990992
2183,1,malicious,malicious,3.5618074078776174,1.3062532726990992
2184,0,benign,benign,1.808009322973126,3.962721592750883
2185,0,benign,benign,2.9828810328811173,7.470845369010533
2186,0,benign,benign,1.2696541558483831,4.349485634264038
2187,1,malicious,malicious,3.1646120945331275,1.3062532726990992
2188,1,malicious,malicious,3.5618074078776174,1.3062532726990992
2189,1,malicious,benign,2.2338669479443185,3.562695563715185
2190,1,malicious,benign,2.70784189348004,3.6480722144682174
2191,0,benign,benign,1.6771055172428861,5.212356447928256
2192,1,malicious,malicious,3.1646120945331275,1.3062532726990992
2193,0,benign,benign,2.2671151055481555,4.33032726157226
2194,1,malicious,malicious,3.1646120945331275,1.3062532726990992
2195,1,malicious,malicious,3.039170695413056,1.3062532726990992
2196,1,malicious,malicious,3.0308484798535322,1.3062532726990992
2197,0,benign,benign,2.9828810328811173,7.470845369010533
2198,1,malicious,benign,2.2671151055481555,3.292439443284513
2199,1,malicious,malicious,3.1646120945331275,1.3062532726990992
2200,0,benign,benign,2.1835387265243096,4.261855917973328
2201,0,benign,benign,2.9828810328811173,7.470845369010533
2202,1,malicious,malicious,3.1646120945331275,1.3062532726990992
2203,0,benign,benign,3.0676888069349277,6.109196587866454
2204,0,benign,benign,3.0676888069349277,6.109196587866454
2205,1,malicious,benign,3.8284529827767875,7.514785097364305
2206,1,malicious,malicious,3.1646120945331275,1.3062532726990992
2207,0,benign,benign,2.266941990197548,2.4530984506054176
2208,1,malicious,malicious,3.1646120945331275,1.3062532726990992
2209,0,benign,benign,1.3928326126574737,6.489226694636926
2210,0,benign,benign,1.808009322973126,4.78777913264769
2211,0,benign,benign,0.7420790591106761,4.565704994066044
2212,0,benign,benign,2.1467793039979823,3.485573431322689
2213,1,malicious,malicious,3.5896984325027192,1.3062532726990992
2214,0,benign,benign,2.355281717630768,2.708330291208398
2215,1,malicious,malicious,3.215557724491077,1.3062532726990992
2216,0,benign,benign,1.6111009868204393,6.2952215048410896
2217,0,benign,benign,1.695602304084121,5.351328757009769
2218,1,malicious,malicious,3.1646120945331275,1.3062532726990992
2219,1,malicious,malicious,3.1646120945331275,1.3062532726990992
2220,1,malicious,malicious,3.1646120945331275,1.3062532726990992
2221,1,malicious,benign,2.3765902183091807,3.854793935638516
2222,0,benign,benign,4.475665735848223,7.468799656228724
2223,1,malicious,malicious,3.1646120945331275,1.3062532726990992
2224,0,benign,benign,2.0311254637368976,2.5699155492005517
2225,1,malicious,malicious,3.7851795826657737,1.3062532726990992
2226,1,malicious,malicious,3.1646120945331275,1.3062532726990992
2227,0,benign,benign,2.2832741428350722,3.8312701482995055
2228,0,benign,malicious,3.873012056150836,1.3062532726990992
2229,1,malicious,malicious,3.5618074078776174,1.3062532726990992
2230,1,malicious,benign,2.2037218401210543,3.965730699913197
2231,0,benign,benign,3.2746389337670596,7.592640859937964
2232,1,malicious,malicious,3.039170695413056,1.3062532726990992
2233,0,benign,benign,3.2449308292444394,7.3650464498785535
2234,1,malicious,benign,2.293904637189444,5.091559485636665
2235,1,malicious,malicious,3.1646120945331275,1.3062532726990992
2236,1,malicious,malicious,3.5618074078776174,1.3062532726990992
2237,0,benign,benign,1.6771055172428861,5.5263574259692305
2238,1,malicious,malicious,3.1646120945331275,1.3062532726990992
2239,0,benign,malicious,2.441596333731227,1.3062532726990992
2240,1,malicious,benign,3.000595314719974,6.854500618226957
2241,0,benign,benign,1.687605589329886,3.781598735221509
2242,0,benign,benign,2.8271950482406645,7.222734134733059
2243,0,benign,benign,2.9828810328811173,7.470845369010533
2244,0,benign,benign,1.668807576350044,3.5014599515627585
2245,0,benign,benign,1.6785534884381674,3.232742828282836
2246,0,benign,malicious,3.0308484798535322,1.3062532726990992
2247,0,benign,benign,1.6647774440080048,3.8105811294516934
2248,1,malicious,malicious,3.1646120945331275,1.3062532726990992
2249,1,malicious,malicious,3.2488508195641748,2.9374174132111346
2250,1,malicious,malicious,4.182553103240805,1.3062532726990992
2251,0,benign,benign,3.2746389337670596,7.555660394860626
2252,0,benign,benign,2.2037218401210543,4.37354453946501
2253,0,benign,benign,2.9828810328811173,7.470845369010533
2254,1,malicious,malicious,3.1646120945331275,1.3062532726990992
2255,0,benign,benign,1.3002707306649364,5.717787291253424
2256,1,malicious,malicious,3.1646120945331275,1.3062532726990992
2257,0,benign,benign,1.8435097053736362,4.010861819486436
2258,0,benign,benign,2.9828810328811173,7.033603013578514
2259,1,malicious,benign,2.775599737904227,2.8399025147806407
2260,1,malicious,malicious,3.5618074078776174,1.3062532726990992
2261,1,malicious,benign,2.2037218401210543,6.023806228584869
2262,1,malicious,malicious,3.1646120945331275,1.3062532726990992
2263,0,benign,benign,2.9828810328811173,7.470845369010533
2264,1,malicious,malicious,3.1646120945331275,1.3062532726990992
2265,1,malicious,malicious,3.1646120945331275,1.3062532726990992
2266,1,malicious,malicious,3.039170695413056,1.3062532726990992
2267,1,malicious,benign,1.3044424341131828,4.94859533862677
2268,0,benign,benign,3.0676888069349277,6.109196587866454
2269,0,benign,benign,1.6534485376984087,3.8304780530523472
2270,1,malicious,malicious,3.1646120945331275,1.3062532726990992
2271,1,malicious,benign,2.3915608376478046,3.1048097451297374
2272,1,malicious,malicious,3.1646120945331275,1.3062532726990992
2273,1,malicious,malicious,3.1646120945331275,1.3062532726990992
2274,1,malicious,malicious,3.1646120945331275,1.3062532726990992
2275,1,malicious,benign,2.2797272686570373,2.9894240650982566
2276,0,benign,benign,2.2037218401210543,3.683210746546008
2277,1,malicious,benign,3.0814482231587563,3.841561692712129
2278,1,malicious,malicious,3.1646120945331275,1.3062532726990992
2279,1,malicious,malicious,3.873012056150836,1.3062532726990992
2280,1,malicious,malicious,3.1646120945331275,1.3062532726990992
2281,0,benign,benign,2.9828810328811173,7.470845369010533
2282,0,benign,benign,1.6855511916221844,4.841466418445224
2283,1,malicious,malicious,3.039170695413056,1.3062532726990992
2284,1,malicious,malicious,3.039170695413056,1.3062532726990992
2285,0,benign,benign,2.148286736148842,3.033185729866786
2286,1,malicious,malicious,3.039170695413056,1.3062532726990992
2287,1,malicious,malicious,3.1646120945331275,1.3062532726990992
2288,0,benign,benign,1.808009322973126,4.0748655863337895
2289,0,benign,benign,2.9828810328811173,7.470845369010533
2290,0,benign,benign,1.6137039270546105,3.574410445841214
2291,0,benign,benign,2.494973553879663,4.600140155468624
2292,1,malicious,malicious,3.5618074078776174,1.3062532726990992
2293,1,malicious,benign,2.0530266728196342,3.7090141595187496
2294,1,malicious,benign,2.4309706083416254,3.329679721456923
2295,0,benign,benign,1.3694723271636502,6.31199319269265
2296,1,malicious,malicious,3.1646120945331275,1.3062532726990992
2297,0,benign,benign,1.808009322973126,4.036138551921262
2298,1,malicious,malicious,3.1646120945331275,1.3062532726990992
2299,0,benign,malicious,4.311184211313505,2.2589459223184467
2300,0,benign,benign,1.808009322973126,5.565826511623535
2301,0,benign,benign,1.672298716340843,5.727311305033337
2302,1,malicious,malicious,3.1646120945331275,1.3062532726990992
2303,1,malicious,malicious,3.039170695413056,1.3062532726990992
2304,0,benign,malicious,2.6977087065918974,1.2723412839073511
2305,1,malicious,malicious,2.9192746184947658,1.2723412839073511
2306,1,malicious,benign,2.522328807072494,5.566006878508167
2307,0,benign,benign,1.7537940365352118,3.7352405611108943
2308,0,benign,benign,3.4650224464661776,8.040425814211478
2309,1,malicious,benign,2.860420693031169,4.743577352524403
2310,1,malicious,benign,1.2074717743440977,4.109403204748872
2311,1,malicious,malicious,2.9192746184947658,1.2723412839073511
2312,1,malicious,malicious,3.0809111874986996,2.3063534164651043
2313,1,malicious,malicious,2.9192746184947658,1.2723412839073511
2314,0,benign,benign,1.777767503146017,3.583388921801763
2315,0,benign,benign,3.1684095277608613,7.880312646351406
2316,0,benign,benign,1.5386685668065523,3.7333268734729383
2317,1,malicious,benign,2.160543275029781,4.808397251397503
2318,1,malicious,benign,1.4050686340410021,4.740314966320482
2319,1,malicious,benign,1.4364307201043713,5.420455817805955
2320,1,malicious,malicious,4.4849366242423585,1.944421880707198
2321,0,benign,benign,3.4650224464661776,8.378146595588731
2322,0,benign,benign,2.114217387204835,3.9431646740989232
2323,0,benign,benign,2.758752655660046,4.616760545100626
2324,0,benign,benign,1.5976280499558349,4.896614876572512
2325,1,malicious,malicious,2.9192746184947658,1.2723412839073511
2326,1,malicious,malicious,2.9192746184947658,1.2723412839073511
2327,1,malicious,benign,2.303189968547935,3.0762573743953268
2328,1,malicious,benign,2.939476988453923,4.913333781140551
2329,1,malicious,benign,2.7438353695440676,5.535713683981614
2330,1,malicious,malicious,2.9192746184947658,1.2723412839073511
2331,1,malicious,malicious,2.6977087065918974,1.2723412839073511
2332,0,benign,malicious,2.6977087065918974,1.2723412839073511
2333,1,malicious,malicious,2.6931516961528237,2.683558986951553
2334,0,benign,benign,2.3461769953567266,4.345953331543464
2335,1,malicious,malicious,2.9192746184947658,1.2723412839073511
2336,0,benign,benign,2.114217387204835,4.121164836549154
2337,1,malicious,benign,2.303189968547935,2.670409881952417
2338,0,benign,benign,2.77441899343699,6.092938057192004
2339,0,benign,malicious,3.995799865026783,1.2723412839073511
2340,0,benign,benign,2.0218503432944237,5.196158901340231
2341,1,malicious,malicious,2.9136122753164178,1.2723412839073511
2342,1,malicious,malicious,2.6535338157435624,1.2723412839073511
2343,1,malicious,malicious,2.9192746184947658,1.2723412839073511
2344,0,benign,malicious,2.173040462143375,1.2723412839073511
2345,1,malicious,malicious,2.9192746184947658,1.2723412839073511
2346,1,malicious,malicious,2.7116783605911348,2.664147081108135
2347,0,benign,benign,3.1684095277608613,7.880312646351406
2348,0,benign,benign,3.1684095277608613,7.317382894719694
2349,0,benign,benign,2.77441899343699,6.092938057192004
2350,1,malicious,benign,3.7829780253319925,5.6753162315745485
2351,1,malicious,malicious,2.9192746184947658,1.2723412839073511
2352,1,malicious,benign,2.4325572910500752,5.038975933243153
2353,1,malicious,malicious,2.6535338157435624,1.2723412839073511
2354,1,malicious,malicious,2.9136122753164178,1.2723412839073511
2355,0,benign,benign,2.1809497221382146,2.6715880081840107
2356,1,malicious,benign,2.5413283030126923,4.694086689151905
2357,1,malicious,malicious,2.9192746184947658,1.2723412839073511
2358,1,malicious,malicious,2.9192746184947658,1.2723412839073511
2359,1,malicious,malicious,2.9192746184947658,1.2723412839073511
2360,0,benign,malicious,2.0316085087822544,1.2723412839073511
2361,0,benign,benign,3.1197536328455504,6.209163113950668
2362,0,benign,benign,2.291622336760641,3.068530306266841
2363,1,malicious,malicious,2.667519841982674,1.2723412839073511
2364,0,benign,benign,1.3612270947171479,3.277168584460197
2365,1,malicious,benign,2.9015796657218726,4.99577151377307
2366,1,malicious,benign,2.1963950063645328,3.3028401082046894
2367,0,benign,benign,3.4393833256238286,7.23395386594656
2368,1,malicious,benign,2.303189968547935,2.8443204176595573
2369,1,malicious,benign,2.303189968547935,2.5423427081200423
2370,1,malicious,benign,3.926921330164946,4.974029439938354
2371,1,malicious,benign,2.1814155167642877,2.9304889461231483
2372,0,benign,benign,1.6344318770723985,5.207527385772849
2373,1,malicious,benign,2.5161399725813967,3.923631762309126
2374,1,malicious,benign,2.319965248892027,3.108265592710607
2375,1,malicious,benign,2.613145037561069,4.657189243889085
2376,1,malicious,malicious,2.9192746184947658,1.2723412839073511
2377,0,benign,benign,2.0619688947890604,3.0833716720783357
2378,0,benign,benign,1.4239102070907217,6.029728473033433
2379,1,malicious,benign,3.0766598473721336,7.13926438137524
2380,0,benign,benign,2.289855998741,2.52134994938892
2381,1,malicious,malicious,2.9192746184947658,1.2723412839073511
2382,0,benign,benign,2.062294483331417,5.798394026018524
2383,1,malicious,malicious,2.9192746184947658,1.2723412839073511
2384,0,benign,benign,2.77441899343699,6.092938057192004
2385,1,malicious,benign,2.7180059953212234,6.180664160627677
2386,1,malicious,malicious,2.9192746184947658,1.2723412839073511
2387,0,benign,benign,2.1965727510492066,3.2248680556755773
2388,1,malicious,malicious,3.0346212408095377,1.2723412839073511
2389,1,malicious,malicious,2.9136122753164178,1.2723412839073511
2390,0,benign,benign,1.7265187213746542,4.014426708648891
2391,0,benign,benign,1.5202234536138064,3.704711733600742
2392,0,benign,benign,3.2415486160525724,7.880312646351406
2393,1,malicious,malicious,2.9192746184947658,1.2723412839073511
2394,1,malicious,malicious,2.9192746184947658,1.2723412839073511
2395,1,malicious,malicious,2.9192746184947658,1.2723412839073511
2396,1,malicious,benign,2.303189968547935,3.8492977475557066
2397,1,malicious,benign,2.811009003878469,2.9630209482295498
2398,1,malicious,malicious,2.9192746184947658,1.2723412839073511
2399,0,benign,benign,1.569842120555215,4.560609088057939
2400,1,malicious,benign,2.035429640994277,3.3711546907218235
2401,1,malicious,benign,2.303189968547935,2.3391041750587913
2402,1,malicious,benign,2.294527365171196,2.942248810841229
2403,0,benign,benign,3.1684095277608613,7.880312646351406
2404,1,malicious,malicious,2.7366269676263886,1.2723412839073511
2405,1,malicious,malicious,2.9136122753164178,1.2723412839073511
2406,1,malicious,malicious,2.9192746184947658,1.2723412839073511
2407,1,malicious,malicious,2.6977087065918974,1.2723412839073511
2408,0,benign,benign,2.179043256461111,2.7170173880945967
2409,0,benign,benign,1.7537940365352118,4.271403915166198
2410,1,malicious,malicious,2.6535338157435624,1.2723412839073511
2411,1,malicious,malicious,2.9192746184947658,1.2723412839073511
2412,0,benign,benign,1.5929212928602623,3.839807551517474
2413,1,malicious,malicious,2.9136122753164178,1.2723412839073511
2414,0,benign,benign,2.1965727510492066,2.70488182592105
2415,1,malicious,benign,2.8462437108825087,3.5384987737148985
2416,1,malicious,malicious,2.9136122753164178,1.2723412839073511
2417,0,benign,benign,1.2582766028963048,4.824618629802886
2418,0,benign,benign,2.1311548942674015,7.573237870613951
2419,1,malicious,benign,2.609848932166571,4.57170325817743
2420,1,malicious,benign,3.1381823246286524,7.8983080083981125
2421,0,benign,benign,3.2415486160525724,7.880312646351406
2422,1,malicious,malicious,2.6535338157435624,1.2723412839073511
2423,1,malicious,malicious,2.9192746184947658,1.2723412839073511
2424,1,malicious,malicious,2.9136122753164178,1.2723412839073511
2425,1,malicious,malicious,2.9136122753164178,1.2723412839073511
2426,1,malicious,benign,2.319965248892027,2.810106280723409
2427,1,malicious,malicious,2.9136122753164178,1.2723412839073511
2428,1,malicious,malicious,2.9136122753164178,1.2723412839073511
2429,1,malicious,malicious,2.9192746184947658,1.2723412839073511
2430,0,benign,benign,1.7201144620805664,3.918971536177166
2431,0,benign,benign,1.7232422717578544,5.066074792613739
2432,1,malicious,malicious,2.9192746184947658,1.2723412839073511
2433,0,benign,benign,3.1684095277608613,7.880312646351406
2434,1,malicious,malicious,2.6535338157435624,1.2723412839073511
2435,1,malicious,malicious,2.9136122753164178,1.2723412839073511
2436,0,benign,benign,3.1684095277608613,7.880312646351406
2437,1,malicious,malicious,2.9192746184947658,1.2723412839073511
2438,1,malicious,malicious,3.0434412070013592,1.2723412839073511
2439,1,malicious,malicious,2.9192746184947658,1.2723412839073511
2440,0,benign,benign,3.4650224464661776,7.822687266704307
2441,1,malicious,benign,1.1842017783342238,4.44510939688898
2442,0,benign,benign,1.6082411898547742,5.781760489687353
2443,0,benign,benign,2.0619688947890604,3.0305293918431824
2444,1,malicious,benign,1.1734398450618022,5.488334930070554
2445,1,malicious,benign,3.6338106531023078,3.9631152877608984
2446,1,malicious,malicious,2.9136122753164178,1.2723412839073511
2447,0,benign,benign,3.1684095277608613,7.880312646351406
2448,1,malicious,malicious,2.9192746184947658,1.2723412839073511
2449,0,benign,benign,1.9495012981355269,3.186158503573176
2450,1,malicious,malicious,2.9192746184947658,1.2723412839073511
2451,1,malicious,malicious,2.9192746184947658,1.2723412839073511
2452,1,malicious,benign,2.9058814899801315,6.3114581772483245
2453,1,malicious,malicious,2.9192746184947658,1.2723412839073511
2454,1,malicious,malicious,2.9192746184947658,1.2723412839073511
2455,0,benign,benign,3.1684095277608613,7.880312646351406
2456,0,benign,benign,1.2341297577758756,6.537033024485899
2457,0,benign,benign,1.6774499073775928,5.849279047315804
2458,0,benign,benign,1.7201144620805664,4.7860040119212535
2459,1,malicious,malicious,2.9192746184947658,1.2723412839073511
2460,0,benign,benign,3.46796381697725,7.67982080969522
2461,0,benign,benign,1.7201144620805664,5.064846540547862
2462,0,benign,malicious,2.031292860418162,1.2723412839073511
2463,0,benign,benign,3.2415486160525724,7.213820289890024
2464,0,benign,benign,1.2338637653645508,7.3151416412903
2465,1,malicious,malicious,2.667519841982674,1.2723412839073511
2466,0,benign,benign,3.1684095277608613,7.880312646351406
2467,0,benign,benign,1.366394095640021,4.5053345068308985
2468,1,malicious,malicious,2.9192746184947658,1.2723412839073511
2469,0,benign,benign,3.1684095277608613,7.317382894719694
2470,1,malicious,malicious,2.9192746184947658,1.2723412839073511
2471,1,malicious,malicious,2.9136122753164178,1.2723412839073511
2472,1,malicious,malicious,2.9192746184947658,1.2723412839073511
2473,0,benign,benign,1.2341297577758756,3.421563509556348
2474,1,malicious,malicious,2.9136122753164178,1.2723412839073511
2475,1,malicious,malicious,2.9136122753164178,1.2723412839073511
2476,0,benign,benign,1.9510717597424443,3.4081830262198833
2477,1,malicious,malicious,2.9192746184947658,1.2723412839073511
2478,1,malicious,malicious,2.9687901985244785,1.2723412839073511
2479,0,benign,benign,1.4239102070907217,5.267586725261413
2480,1,malicious,benign,2.1963745079004013,4.506993271812416
2481,1,malicious,malicious,2.9192746184947658,1.2723412839073511
2482,1,malicious,benign,2.1128389381319734,4.102211989399601
2483,1,malicious,malicious,2.9192746184947658,1.2723412839073511
2484,0,benign,malicious,4.9519007755799525,2.7200163779207522
2485,1,malicious,malicious,2.9192746184947658,1.2723412839073511
2486,1,malicious,malicious,4.112434161825442,2.790382988833987
2487,1,malicious,benign,2.319965248892027,3.5018807717089127
2488,0,benign,benign,2.77441899343699,6.092938057192004
2489,0,benign,benign,1.5293125214170902,6.007219824269461
2490,0,benign,benign,2.4345873402049825,4.1104851681538515
2491,1,malicious,malicious,2.9192746184947658,1.2723412839073511
2492,1,malicious,malicious,2.9192746184947658,1.2723412839073511
2493,1,malicious,malicious,3.2009482629311443,1.2723412839073511
2494,1,malicious,benign,2.201033266102803,3.3738956404081017
2495,1,malicious,malicious,2.9192746184947658,1.2723412839073511
2496,0,benign,malicious,2.0328469352516954,1.2723412839073511
2497,1,malicious,malicious,2.9192746184947658,1.2723412839073511
2498,1,malicious,benign,2.3646722778984333,5.183639093945223
2499,0,benign,malicious,4.9519007755799525,2.7200163779207522
2500,1,malicious,malicious,3.241594258186784,2.818819496129921
2501,1,malicious,malicious,2.9192746184947658,1.2723412839073511
2502,0,benign,benign,3.2415486160525724,7.880312646351406
2503,0,benign,malicious,4.8124099403139375,2.7200163779207522
2504,1,malicious,benign,2.1452649755477027,2.7018868236757996
2505,0,benign,benign,2.319965248892027,6.467929074687979
2506,0,benign,benign,1.551516666404607,5.814336980131683
2507,0,benign,benign,2.8032997599099514,3.956614029473479
2508,0,benign,benign,1.5928538983974814,5.829584341240752
2509,0,benign,benign,1.393479793452386,4.94232282520458
2510,1,malicious,malicious,4.26317083381049,1.2723412839073511
2511,0,benign,benign,1.721222799112987,5.181126209212067
2512,1,malicious,malicious,2.9136122753164178,1.2723412839073511
2513,1,malicious,malicious,2.613006381583715,1.2723412839073511
2514,1,malicious,malicious,2.0295580845845853,1.2723412839073511
2515,0,benign,benign,1.6938672809180586,4.824202391266054
2516,0,benign,benign,2.2442990659924584,4.961624448357641
2517,0,benign,malicious,2.6977087065918974,1.2723412839073511
2518,0,benign,benign,2.7593661839930173,5.4080595277557695
2519,0,benign,benign,1.6082411898547742,5.1050175309194845
2520,1,malicious,malicious,2.0087463262342062,1.2723412839073511
2521,0,benign,malicious,4.8124099403139375,2.7200163779207522
2522,0,benign,benign,3.1684095277608613,7.880312646351406
2523,0,benign,benign,3.1684095277608613,7.880312646351406
2524,0,benign,malicious,2.7409689004966,1.2723412839073511
2525,1,malicious,malicious,2.9192746184947658,1.2723412839073511
2526,1,malicious,malicious,2.6535338157435624,1.2723412839073511
2527,0,benign,benign,3.1684095277608613,7.881387591013777
2528,1,malicious,malicious,3.003519201644535,2.6732085903432123
2529,1,malicious,malicious,3.6948843388321637,1.2723412839073511
2530,1,malicious,benign,3.6714503380372046,5.756790027497197
2531,0,benign,benign,1.6154778189841168,5.570299264405056
2532,1,malicious,malicious,2.9192746184947658,1.2723412839073511
2533,1,malicious,benign,2.303189968547935,4.806934803530886
2534,0,benign,benign,3.4421588396907046,7.67982080969522
2535,1,malicious,benign,2.140233721607693,5.013531383396546
2536,1,malicious,malicious,2.9136122753164178,1.2723412839073511
2537,0,benign,benign,2.77441899343699,6.092938057192004
2538,1,malicious,benign,3.735966053566665,5.589170858929176
2539,0,benign,benign,1.6774499073775928,5.077184660033691
2540,1,malicious,malicious,2.6535338157435624,1.2723412839073511
2541,1,malicious,malicious,2.9192746184947658,1.2723412839073511
2542,0,benign,benign,1.7232422717578544,4.494452691053756
2543,0,benign,benign,1.5988133523668273,5.041135361895485
2544,1,malicious,malicious,2.9192746184947658,1.2723412839073511
2545,1,malicious,malicious,3.6839964092532385,1.2723412839073511
2546,1,malicious,malicious,2.9192746184947658,1.2723412839073511
2547,0,benign,benign,1.569842120555215,4.896227830239455
2548,0,benign,benign,1.258253738102851,4.3273135168293875
2549,0,benign,malicious,2.0290402265721146,1.2723412839073511
2550,0,benign,benign,1.258253738102851,4.12971882804646
2551,1,malicious,malicious,9.663348842536262,2.227932483687364
2552,1,malicious,malicious,3.857730799088065,3.681781995650594
2553,1,malicious,malicious,2.9136122753164178,1.2723412839073511
2554,0,benign,benign,1.6774499073775928,5.133453269459618
2555,1,malicious,malicious,2.9192746184947658,1.2723412839073511
2556,1,malicious,malicious,2.6535338157435624,1.2723412839073511
2557,1,malicious,malicious,2.9136122753164178,1.2723412839073511
2558,0,benign,benign,3.4421373606963535,7.67982080969522
2559,0,benign,benign,1.371598085790142,4.627404604584505
2560,1,malicious,malicious,2.5020178279578684,2.4707955798315426
2561,0,benign,benign,1.6067612788497385,4.0216522654386635
2562,1,malicious,benign,2.2725727621012526,5.793839093208979
2563,0,benign,benign,2.4116631306330043,3.566812045277591
2564,0,benign,benign,1.7698864219651482,4.635710993617286
2565,1,malicious,malicious,4.339945271051431,1.253510238758949
2566,0,benign,benign,1.4513256604712534,4.443791649573976
2567,1,malicious,malicious,4.339945271051431,1.253510238758949
2568,1,malicious,benign,2.449410051459877,3.707254932226057
2569,1,malicious,malicious,3.1706887025757347,1.253510238758949
2570,1,malicious,malicious,3.1706887025757347,1.253510238758949
2571,0,benign,benign,1.6474027026309486,4.339609174924072
2572,1,malicious,benign,2.20897074948896,3.124821058330658
2573,1,malicious,malicious,3.4486837034637854,1.253510238758949
2574,1,malicious,benign,2.5679648423336565,4.154174293773098
2575,1,malicious,benign,1.8442997321164543,5.094985107776047
2576,0,benign,malicious,3.0651581314831704,1.253510238758949
2577,0,benign,benign,1.7087897926661797,5.0121218881067335
2578,0,benign,benign,2.5204087946508076,5.999524524547428
2579,1,malicious,benign,2.233919080866638,4.256055059698037
2580,1,malicious,malicious,3.1706887025757347,1.253510238758949
2581,1,malicious,malicious,3.1706887025757347,1.253510238758949
2582,0,benign,benign,1.4513256604712534,4.714369292739889
2583,1,malicious,malicious,3.1706887025757347,1.253510238758949
2584,1,malicious,malicious,2.6292100597652044,1.253510238758949
2585,1,malicious,malicious,3.1706887025757347,1.253510238758949
2586,0,benign,benign,1.2878645849555637,5.034726063608305
2587,0,benign,benign,2.528542158661398,2.6435890665555832
2588,0,benign,malicious,4.633110587725321,2.662744254408748
2589,1,malicious,benign,3.635511948030041,4.244982853723995
2590,0,benign,benign,2.7312057166339345,9.315394902859492
2591,1,malicious,malicious,3.1706887025757347,1.253510238758949
2592,0,benign,malicious,4.633110587725321,2.662744254408748
2593,1,malicious,malicious,2.9794893842345087,2.467677628902713
2594,0,benign,benign,2.086201834325534,6.186703036743454
2595,1,malicious,malicious,3.184683356534019,1.253510238758949
2596,1,malicious,benign,2.3959989555641337,5.162780611795602
2597,0,benign,benign,1.607116702408415,6.557931082629577
2598,1,malicious,benign,2.1893215462835647,2.6887143277463905
2599,0,benign,benign,2.1586874157387266,3.661603930519967
2600,0,benign,benign,2.7312057166339345,9.315394902859492
2601,0,benign,benign,1.605536674594949,3.9769581778659004
2602,1,malicious,malicious,10.942881368108438,2.3964574557975737
2603,1,malicious,malicious,3.4486837034637854,1.253510238758949
2604,0,benign,benign,2.2725727621012526,4.325832691876155
2605,1,malicious,malicious,3.4486837034637854,1.253510238758949
2606,0,benign,benign,1.4385260930040942,6.825457360188839
2607,1,malicious,malicious,10.15230231651594,2.3964574557975737
2608,0,benign,benign,2.7312057166339345,9.315394902859492
2609,1,malicious,malicious,2.854664807893764,1.253510238758949
2610,0,benign,benign,1.5056642633172461,5.752855370324825
2611,1,malicious,benign,2.5020178279578684,2.704063879016228
2612,0,benign,benign,1.607116702408415,5.2565763028488774
2613,0,benign,malicious,4.546185721977746,2.662744254408748
2614,1,malicious,malicious,4.339945271051431,1.253510238758949
2615,1,malicious,malicious,4.339945271051431,1.253510238758949
2616,1,malicious,benign,2.4813268879920254,2.9314935344524544
2617,1,malicious,benign,2.214357592749876,7.65352729704688
2618,1,malicious,malicious,3.1706887025757347,1.253510238758949
2619,1,malicious,malicious,4.339945271051431,1.253510238758949
2620,1,malicious,benign,2.1586874157387266,2.762090303128975
2621,0,benign,benign,1.5174114177314775,8.564522374476912
2622,1,malicious,benign,2.5020178279578684,5.227284596035359
2623,0,benign,benign,3.3024669129510675,6.236843220044419
2624,0,benign,benign,1.5274530373607584,3.935000167977389
2625,0,benign,benign,2.256383603805775,3.9464643983317975
2626,0,benign,malicious,3.2436555972726056,1.253510238758949
2627,0,benign,benign,3.3024669129510675,6.236843220044419
2628,0,benign,benign,2.7312057166339345,9.315394902859492
2629,0,benign,benign,1.5056642633172461,5.46007344039346
2630,1,malicious,malicious,3.4486837034637854,1.253510238758949
2631,1,malicious,malicious,3.1706887025757347,1.253510238758949
2632,0,benign,benign,1.4385260930040942,8.005173846078666
2633,1,malicious,malicious,3.4486837034637854,1.253510238758949
2634,0,benign,benign,2.1330876606951863,5.863604449857254
2635,1,malicious,malicious,2.7476992487466236,1.9779258386117278
2636,0,benign,benign,2.528542158661398,2.7213950396194866
2637,0,benign,benign,1.3134928097254988,4.502734920113472
2638,1,malicious,malicious,3.1706887025757347,1.253510238758949
2639,0,benign,benign,1.4513256604712534,5.276989280240865
2640,1,malicious,malicious,3.438648806680289,2.395699611787599
2641,0,benign,benign,1.0901659063152236,4.969561277746449
2642,1,malicious,malicious,3.1706887025757347,1.253510238758949
2643,1,malicious,benign,2.891384615152653,6.177450812439829
2644,1,malicious,benign,2.1097681065057854,6.895350332396335
2645,1,malicious,malicious,3.4486837034637854,1.253510238758949
2646,1,malicious,malicious,3.1706887025757347,1.253510238758949
2647,1,malicious,benign,3.2560989903000457,5.6576178643157
2648,1,malicious,malicious,3.4486837034637854,1.253510238758949
2649,0,benign,benign,1.5310822813292861,4.821836364134697
2650,1,malicious,malicious,3.1706887025757347,1.253510238758949
2651,0,benign,benign,1.6951041435030296,4.4950398751549425
2652,1,malicious,malicious,3.4486837034637854,1.253510238758949
2653,1,malicious,benign,2.638045840532626,5.073704708602594
2654,1,malicious,benign,1.4771031085595752,4.524934044749117
2655,0,benign,benign,2.843167131967035,9.315394902859492
2656,1,malicious,malicious,2.6592059539858552,1.253510238758949
2657,0,benign,malicious,4.633110587725321,2.662744254408748
2658,1,malicious,benign,2.2688994519707015,2.776294256785668
2659,1,malicious,malicious,3.1706887025757347,1.253510238758949
2660,1,malicious,malicious,4.339945271051431,1.253510238758949
2661,1,malicious,malicious,3.1706887025757347,1.253510238758949
2662,1,malicious,malicious,3.1706887025757347,1.253510238758949
2663,1,malicious,malicious,10.572525623806065,2.3964574557975737
2664,0,benign,benign,2.528542158661398,3.5562414322047964
2665,1,malicious,malicious,3.2436555972726056,1.253510238758949
2666,1,malicious,benign,2.5020178279578684,4.312798645544431
2667,1,malicious,malicious,2.6988054638859036,1.253510238758949
2668,1,malicious,malicious,3.1706887025757347,1.253510238758949
2669,0,benign,benign,1.5056642633172461,4.871693932897832
2670,1,malicious,malicious,3.1706887025757347,1.253510238758949
2671,1,malicious,malicious,3.4486837034637854,1.253510238758949
2672,1,malicious,malicious,3.184683356534019,1.253510238758949
2673,0,benign,malicious,2.6557414571677995,1.253510238758949
2674,1,malicious,malicious,3.1706887025757347,1.253510238758949
2675,0,benign,benign,2.6078542485679224,5.293314041664288
2676,1,malicious,benign,1.5416043020161518,7.40970135866184
2677,1,malicious,benign,2.3128215452990517,3.5732933262089546
2678,1,malicious,malicious,2.327296557551927,2.2486316018540933
2679,1,malicious,benign,2.2134931407862815,4.735802261407443
2680,1,malicious,malicious,3.1706887025757347,1.253510238758949
2681,1,malicious,malicious,3.4486837034637854,1.253510238758949
2682,0,benign,benign,2.7312057166339345,8.699914033174103
2683,1,malicious,benign,2.370050238123411,2.3713405475972977
2684,0,benign,benign,2.609457466179266,2.8377849695844386
2685,1,malicious,malicious,3.1706887025757347,1.253510238758949
2686,1,malicious,malicious,3.1706887025757347,1.253510238758949
2687,0,benign,benign,1.2099596710891254,5.642755177677268
2688,1,malicious,malicious,3.1706887025757347,1.253510238758949
2689,1,malicious,malicious,3.1706887025757347,1.253510238758949
2690,1,malicious,benign,2.425860529783768,6.513953028539076
2691,1,malicious,malicious,3.1706887025757347,1.253510238758949
2692,1,malicious,malicious,4.343853595514989,1.253510238758949
2693,1,malicious,benign,2.0498830295833192,5.737432937827476
2694,0,benign,benign,2.7312057166339345,9.315394902859492
2695,0,benign,benign,1.6049531142210474,5.364015507445389
2696,1,malicious,benign,2.7177147545401383,4.70946115053266
2697,1,malicious,benign,1.036862496829645,5.1710550211723785
2698,0,benign,benign,1.6067612788497385,4.01820959881345
2699,1,malicious,malicious,3.184683356534019,1.253510238758949
2700,0,benign,benign,1.8072347630647885,6.423730502870154
2701,1,malicious,malicious,3.1706887025757347,1.253510238758949
2702,1,malicious,benign,2.3399041629615316,5.28795575793913
2703,1,malicious,malicious,3.4486837034637854,1.253510238758949
2704,0,benign,malicious,2.6988054638859036,1.253510238758949
2705,1,malicious,malicious,4.339945271051431,1.253510238758949
2706,1,malicious,malicious,3.4486837034637854,1.253510238758949
2707,1,malicious,malicious,3.4486837034637854,1.253510238758949
2708,1,malicious,benign,1.144553448063234,4.908649578989101
2709,0,benign,benign,1.6451494271868476,5.305080417646862
2710,1,malicious,malicious,3.1706887025757347,1.253510238758949
2711,0,benign,malicious,3.2436555972726056,1.253510238758949
2712,1,malicious,malicious,10.729985171072407,2.3964574557975737
2713,1,malicious,malicious,3.1706887025757347,1.253510238758949
2714,0,benign,benign,1.5243973722983473,5.862446530211253
2715,0,benign,benign,1.677676759154397,5.31592102443866
2716,0,benign,benign,4.390696001296141,9.183335410229269
2717,1,malicious,malicious,3.4486837034637854,1.253510238758949
2718,1,malicious,benign,4.17458268927677,6.354321342246465
2719,0,benign,benign,2.5879947756091712,2.669612636493833
2720,1,malicious,malicious,3.1706887025757347,1.253510238758949
2721,1,malicious,benign,1.1834462728477122,5.734088463733562
2722,0,benign,benign,1.6067612788497385,4.015215404006945
2723,0,benign,malicious,4.602943261740526,2.662744254408748
2724,0,benign,benign,2.4116631306330043,3.1022433014375603
2725,0,benign,benign,1.6090455457323358,6.241259462062347
2726,1,malicious,malicious,3.1706887025757347,1.253510238758949
2727,1,malicious,malicious,3.184683356534019,1.253510238758949
2728,0,benign,benign,1.4385260930040942,5.917717701212428
2729,1,malicious,benign,3.026386135402172,4.962165723065061
2730,0,benign,benign,1.5056642633172461,4.57443906684623
2731,0,benign,benign,1.6951041435030296,4.483929169673618
2732,1,malicious,benign,2.617549227740914,4.263560190097486
2733,0,benign,benign,2.971352551257036,7.885941439204455
2734,1,malicious,benign,2.338040873458731,5.958554190571274
2735,1,malicious,malicious,3.498325349046038,1.253510238758949
2736,0,benign,benign,2.7312057166339345,9.315394902859492
2737,1,malicious,benign,2.6896567561480276,5.170716919098686
2738,1,malicious,benign,2.7794245598515914,5.56094708607538
2739,1,malicious,malicious,3.1706887025757347,1.253510238758949
2740,1,malicious,malicious,3.2436555972726056,1.253510238758949
2741,0,benign,benign,2.299106906530213,4.375534788623948
2742,1,malicious,malicious,3.1706887025757347,1.253510238758949
2743,0,benign,benign,2.1528244616215013,3.641545580026614
2744,1,malicious,malicious,3.1706887025757347,1.253510238758949
2745,1,malicious,malicious,3.1706887025757347,1.253510238758949
2746,1,malicious,malicious,4.339945271051431,1.253510238758949
2747,1,malicious,malicious,4.339945271051431,1.253510238758949
2748,0,benign,benign,1.7213540058949683,8.392557890806698
2749,0,benign,benign,2.20897074948896,3.933571335557217
2750,0,benign,benign,2.382464238256277,3.206695824248318
2751,1,malicious,benign,1.2296751863182942,5.7298515054802355
2752,1,malicious,malicious,4.183316889276174,1.253510238758949
2753,1,malicious,malicious,4.339945271051431,1.253510238758949
2754,0,benign,benign,1.5243973722983473,4.091405977581384
2755,1,malicious,malicious,3.4486837034637854,1.253510238758949
2756,1,malicious,benign,2.3227744241810275,2.9457854409037756
2757,1,malicious,benign,2.5020178279578684,3.916924620470616
2758,0,benign,benign,1.4385260930040942,4.950721651549863
2759,1,malicious,malicious,3.184683356534019,1.253510238758949
2760,0,benign,benign,2.2046389973483898,2.427923022006006
2761,1,malicious,malicious,3.4486837034637854,1.253510238758949
2762,1,malicious,malicious,3.1706887025757347,1.253510238758949
2763,0,benign,benign,2.7312057166339345,9.315394902859492
2764,0,benign,benign,1.4513256604712534,5.878314405036887
2765,1,malicious,malicious,3.4486837034637854,1.253510238758949
2766,1,malicious,benign,2.299106906530213,3.2790621371261226
2767,0,benign,benign,1.8072347630647885,4.705127834869838
2768,0,benign,benign,1.5460418933578892,5.891550672694498
2769,0,benign,benign,1.8072347630647885,8.703284176059956
2770,0,benign,benign,2.9125738113538384,8.76624990923679
2771,0,benign,benign,3.3024669129510675,6.236843220044419
2772,0,benign,benign,1.6951041435030296,5.000674802244383
2773,0,benign,benign,1.3707674517252628,4.341380175847535
2774,1,malicious,benign,1.8605508583965078,5.07053951167454
2775,1,malicious,malicious,3.4486837034637854,1.253510238758949
2776,0,benign,benign,1.6067612788497385,6.771486975525501
2777,0,benign,malicious,2.6292100597652044,1.253510238758949
2778,1,malicious,malicious,3.1706887025757347,1.253510238758949
2779,0,benign,benign,1.6474027026309486,6.179373289994046
2780,0,benign,benign,1.1534888670116614,8.227031221245113
2781,0,benign,malicious,3.2436555972726056,1.253510238758949
2782,0,benign,benign,1.4385260930040942,4.53873076821589
2783,1,malicious,benign,1.8214570739455394,6.701781131954953
2784,1,malicious,malicious,3.1706887025757347,1.253510238758949
2785,1,malicious,malicious,3.1706887025757347,1.253510238758949
2786,1,malicious,benign,2.20897074948896,2.8880253660930046
2787,0,benign,benign,2.7312057166339345,9.315394902859492
2788,1,malicious,malicious,3.184683356534019,1.253510238758949
2789,0,benign,benign,2.368920960393544,3.649037330370857
2790,1,malicious,malicious,3.4486837034637854,1.253510238758949
2791,1,malicious,benign,2.78467581994444,4.525853146729005
2792,1,malicious,malicious,3.1706887025757347,1.253510238758949
2793,1,malicious,malicious,4.339945271051431,1.253510238758949
2794,1,malicious,malicious,4.46351384017602,1.253510238758949
2795,1,malicious,malicious,3.1706887025757347,1.253510238758949
2796,0,benign,benign,1.4385260930040942,6.289298705411987
2797,1,malicious,malicious,4.183316889276174,1.253510238758949
2798,1,malicious,malicious,4.339945271051431,1.253510238758949
2799,1,malicious,benign,3.0589382025218,3.502564491036338
2800,0,benign,benign,2.5204087946508076,7.453637426481664
2801,0,benign,benign,1.5206125734468166,4.917450089064767
2802,0,benign,benign,2.32716427059241,3.1356861217109935
2803,0,benign,benign,3.3024669129510675,6.236843220044419
2804,1,malicious,malicious,3.1706887025757347,1.253510238758949
2805,1,malicious,benign,2.1160909693881527,5.719460858478909
2806,1,malicious,malicious,3.1706887025757347,1.253510238758949
2807,1,malicious,malicious,3.1706887025757347,1.253510238758949
2808,1,malicious,malicious,4.339945271051431,1.253510238758949
2809,0,benign,malicious,2.6586592595324374,1.253510238758949
2810,1,malicious,benign,2.5020178279578684,3.8944797216533633
2811,0,benign,malicious,2.6595474591744974,1.253510238758949
2812,0,benign,benign,1.4471955929126084,7.072676606274731
2813,1,malicious,malicious,3.4486837034637854,1.253510238758949
2814,1,malicious,malicious,3.1706887025757347,1.253510238758949
2815,1,malicious,malicious,3.2436555972726056,1.253510238758949
